Secondary Structure(Helix),Secondary Structure(Strands),Secondary Structure(Coil),Solvent Accessibilty (Buried),Solvent Accesibilty(Exposed),Solvent Accesibilty(Intermediate),Label
0.182,0.485,0.333,0.576,0.182,0.242,-1
0.467,0.267,0.267,0.467,0.267,0.267,1
0.333,0.431,0.235,0.431,0.294,0.255,1
0.415,0.34,0.245,0.415,0.189,0.302,1
0.531,0.296,0.173,0.383,0.358,0.235,1
0.462,0.282,0.256,0.462,0.308,0.179,1
0.529,0.257,0.214,0.371,0.4,0.229,1
0.306,0.484,0.21,0.468,0.242,0.274,-1
0.231,0.538,0.231,0.538,0.231,0.308,1
0.395,0.326,0.279,0.628,0.186,0.14,-1
0.429,0.254,0.317,0.444,0.381,0.238,1
0.468,0.149,0.383,0.553,0.34,0.106,-1
0.75,0,0.25,0.25,0.75,0,1
0.627,0.209,0.164,0.313,0.343,0.254,1
0.375,0.375,0.25,0.375,0.375,0.25,-1
0.437,0.287,0.276,0.322,0.402,0.253,-1
0.436,0.077,0.487,0.513,0.231,0.282,1
0.494,0.224,0.282,0.365,0.329,0.329,-1
0.556,0.444,0,0.333,0.222,0.111,-1
0.333,0.353,0.314,0.431,0.275,0.235,-1
0.594,0.219,0.188,0.438,0.297,0.219,1
0.56,0.19,0.25,0.35,0.27,0.27,1
0.4,0.34,0.26,0.44,0.28,0.22,-1
0.412,0.362,0.225,0.55,0.25,0.225,-1
0.407,0.259,0.333,0.222,0.333,0.407,1
1,0,0,0.5,0.5,0,-1
0.306,0.355,0.339,0.387,0.403,0.29,1
0.477,0.349,0.174,0.349,0.36,0.221,1
0.455,0.364,0.182,0.455,0.409,0.136,1
0.44,0.319,0.242,0.462,0.319,0.165,-1
0.246,0.386,0.368,0.456,0.246,0.298,1
0.273,0.386,0.341,0.523,0.25,0.182,1
0.456,0.294,0.25,0.441,0.368,0.191,-1
0.463,0.299,0.239,0.403,0.269,0.209,1
0.535,0.239,0.225,0.479,0.338,0.155,-1
0.453,0.302,0.244,0.442,0.267,0.244,-1
0.353,0.353,0.294,0.471,0.294,0.235,1
0.268,0.39,0.341,0.512,0.22,0.22,-1
0.516,0.099,0.385,0.462,0.396,0.176,-1
0.366,0.341,0.293,0.585,0.171,0.195,-1
0.842,0.053,0.105,0.684,0.263,0.053,-1
0.475,0.293,0.232,0.374,0.273,0.232,1
0.222,0.444,0.333,0.444,0.111,0.333,1
0.426,0.37,0.204,0.407,0.37,0.259,1
0.557,0.258,0.186,0.515,0.186,0.175,-1
0.451,0.333,0.216,0.392,0.431,0.216,-1
0.661,0.258,0.081,0.435,0.484,0.048,-1
0.459,0.294,0.247,0.412,0.388,0.212,-1
0.452,0.167,0.381,0.571,0.357,0.071,-1
0.714,0.143,0.143,0.429,0.286,0.143,1
0.373,0.314,0.314,0.373,0.451,0.216,-1
0.507,0.282,0.211,0.465,0.366,0.141,-1
0.697,0.167,0.136,0.348,0.364,0.152,1
0.545,0.227,0.227,0.386,0.432,0.136,-1
0.583,0.333,0.083,0.583,0.083,0,-1
0.439,0.316,0.246,0.491,0.246,0.175,-1
0.277,0.426,0.298,0.447,0.234,0.298,1
0.531,0.177,0.292,0.427,0.312,0.177,-1
0.298,0.179,0.524,0.571,0.226,0.262,-1
0.415,0.338,0.246,0.369,0.338,0.231,1
0.667,0.1,0.233,0.167,0.267,0.4,1
0.385,0.41,0.205,0.564,0.128,0.205,-1
0.25,0.583,0.167,0.583,0.25,0.333,1
0.176,0.412,0.412,0.515,0.279,0.235,1
0.365,0.381,0.254,0.397,0.333,0.254,1
0.313,0.463,0.224,0.418,0.284,0.224,1
0.241,0.414,0.345,0.5,0.293,0.241,1
0.5,0.5,0,0.5,0,0,-1
0.365,0.385,0.25,0.385,0.365,0.25,1
0.707,0.195,0.098,0.463,0.39,0.073,-1
0.438,0.219,0.344,0.656,0.25,0.094,1
0.488,0.195,0.317,0.39,0.366,0.244,-1
0.485,0.338,0.176,0.324,0.397,0.279,-1
0.4,0.267,0.333,0.4,0.267,0.333,1
0.413,0.27,0.317,0.333,0.349,0.317,-1
0.583,0.25,0.167,0.5,0.167,0.167,1
0.244,0.39,0.366,0.463,0.317,0.22,-1
0.515,0.242,0.242,0.364,0.394,0.212,-1
0.353,0.333,0.314,0.451,0.294,0.235,-1
0.267,0.267,0.467,0.6,0.333,0.067,1
0.583,0.417,0,0.667,0,0.083,-1
0.477,0.227,0.295,0.443,0.466,0.136,-1
0.467,0.253,0.28,0.453,0.227,0.227,-1
0.477,0.349,0.174,0.407,0.372,0.198,1
0.459,0.329,0.212,0.459,0.176,0.259,1
0.659,0.227,0.114,0.5,0.318,0.114,-1
0.583,0.417,0,0.667,0,0,-1
0.489,0.298,0.213,0.362,0.426,0.213,-1
0.506,0.236,0.258,0.382,0.337,0.258,-1
0.449,0.224,0.327,0.347,0.367,0.265,1
0.38,0.32,0.3,0.44,0.34,0.2,-1
0.5,0.5,0,0.7,0,0,-1
0.34,0.42,0.24,0.5,0.22,0.32,1
0.234,0.344,0.422,0.438,0.344,0.266,1
0.367,0.417,0.217,0.45,0.267,0.283,-1
0.364,0.273,0.364,0.455,0.333,0.273,-1
0.447,0.383,0.17,0.511,0.234,0.17,-1
0.5,0.233,0.267,0.389,0.322,0.289,1
0.472,0.34,0.189,0.623,0.321,0.057,-1
0.667,0.133,0.2,0.333,0.2,0.2,1
0.382,0.353,0.265,0.382,0.382,0.206,-1
0.571,0.229,0.2,0.429,0.371,0.143,-1
0.313,0.433,0.254,0.507,0.269,0.284,-1
0.245,0.396,0.358,0.396,0.358,0.321,1
0.47,0.27,0.26,0.52,0.23,0.24,-1
0.326,0.38,0.293,0.391,0.25,0.283,-1
0.619,0.167,0.214,0.286,0.31,0.214,1
0.408,0.347,0.245,0.347,0.327,0.245,1
0.316,0.474,0.211,0.526,0.158,0.316,1
0.469,0.344,0.188,0.5,0.156,0.125,-1
0.353,0.314,0.333,0.373,0.49,0.235,-1
0.38,0.36,0.26,0.42,0.28,0.26,-1
0.462,0.308,0.231,0.462,0.231,0.231,1
0.338,0.338,0.323,0.4,0.4,0.231,1
0.506,0.286,0.208,0.416,0.286,0.195,1
0.5,0.341,0.159,0.364,0.364,0.318,-1
0.25,0.75,0,0.75,0.083,0,-1
0.382,0.27,0.348,0.404,0.382,0.202,-1
0.588,0.412,0,0.471,0.235,0.118,-1
0.371,0.452,0.177,0.613,0.226,0.194,-1
0.574,0.23,0.197,0.623,0.279,0.098,-1
0.395,0.382,0.224,0.5,0.145,0.289,1
0.452,0.31,0.238,0.452,0.298,0.202,-1
0.486,0.306,0.208,0.542,0.194,0.167,1
0.366,0.338,0.296,0.38,0.268,0.268,1
0.485,0.263,0.253,0.394,0.313,0.182,1
0.491,0.302,0.208,0.623,0.302,0.075,-1
0.474,0.253,0.274,0.453,0.368,0.179,1
0.269,0.403,0.328,0.493,0.343,0.239,1
0.358,0.528,0.113,0.547,0.132,0.34,-1
0.365,0.397,0.238,0.54,0.302,0.143,1
0.444,0.241,0.315,0.463,0.333,0.222,-1
0.5,0.227,0.273,0.5,0.295,0.205,-1
0.3,0.35,0.35,0.4,0.3,0.35,1
0.415,0.292,0.292,0.585,0.215,0.215,1
0.3,0.4,0.3,0.6,0.233,0.167,1
0.568,0.27,0.162,0.297,0.351,0.216,1
0.333,0.333,0.333,0.467,0.267,0.267,1
0.404,0.383,0.213,0.447,0.191,0.213,1
0.556,0.333,0.111,0.333,0.222,0.111,-1
0.687,0.224,0.09,0.299,0.478,0.134,1
0.581,0.215,0.204,0.269,0.398,0.247,-1
0.367,0.383,0.25,0.4,0.367,0.267,1
0.683,0.117,0.2,0.3,0.533,0.15,-1
0.418,0.255,0.327,0.636,0.2,0.2,-1
0.52,0.22,0.26,0.31,0.31,0.27,1
0.44,0.34,0.22,0.38,0.4,0.18,-1
0.373,0.392,0.235,0.373,0.314,0.275,1
0.384,0.337,0.279,0.407,0.372,0.186,-1
0.188,0.562,0.25,0.562,0.188,0.312,1
0.625,0.312,0.062,0.375,0.438,0,-1
0.333,0.444,0.222,0.444,0.333,0.333,1
0.383,0.298,0.319,0.489,0.319,0.106,1
0.394,0.408,0.197,0.549,0.169,0.254,-1
0.421,0.305,0.274,0.389,0.368,0.189,-1
0.439,0.351,0.211,0.298,0.333,0.351,1
0.424,0.348,0.228,0.391,0.326,0.261,-1
0.333,0.3,0.367,0.5,0.267,0.2,1
0.511,0.1,0.389,0.456,0.4,0.178,-1
0.435,0.318,0.247,0.424,0.306,0.259,1
0.423,0.321,0.256,0.41,0.321,0.282,1
0.434,0.342,0.224,0.434,0.276,0.303,-1
0.438,0.312,0.25,0.438,0.25,0.312,1
0.474,0.305,0.221,0.347,0.358,0.221,1
0.319,0.319,0.362,0.404,0.34,0.191,1
0.475,0.305,0.22,0.441,0.254,0.254,1
0.484,0.281,0.234,0.391,0.266,0.203,1
0.5,0.306,0.194,0.361,0.333,0.25,1
0.293,0.341,0.366,0.537,0.195,0.293,-1
0.667,0.333,0,0.583,0,0.083,-1
0.63,0.174,0.196,0.348,0.217,0.217,1
0.273,0.386,0.341,0.523,0.25,0.159,1
0.273,0.386,0.341,0.523,0.25,0.182,1
0.4,0.333,0.267,0.467,0.2,0.333,1
0.2,0.267,0.533,0.533,0.333,0.133,1
0.396,0.34,0.264,0.415,0.396,0.17,-1
0.714,0.143,0.143,0.143,0.214,0.429,1
0.476,0.256,0.268,0.415,0.341,0.183,1
0.54,0.27,0.19,0.444,0.381,0.143,-1
0.565,0.246,0.188,0.362,0.449,0.159,1
0.357,0.314,0.329,0.386,0.329,0.257,1
0.276,0.448,0.276,0.517,0.241,0.31,-1
0.36,0.34,0.3,0.46,0.32,0.22,1
0.486,0.284,0.23,0.459,0.297,0.203,-1
0.525,0.262,0.213,0.525,0.262,0.197,-1
0.333,0.333,0.333,0.5,0.333,0.167,-1
0.396,0.34,0.264,0.453,0.358,0.151,-1
0.391,0.422,0.188,0.516,0.234,0.219,-1
0.395,0.368,0.237,0.579,0.158,0.211,1
0.228,0.474,0.298,0.439,0.193,0.333,1
0.278,0.444,0.278,0.528,0.236,0.236,-1
0.574,0.23,0.197,0.475,0.361,0.115,-1
0.484,0.328,0.188,0.312,0.422,0.188,1
0.667,0.267,0.067,0.533,0.333,0.067,-1
0.442,0.346,0.212,0.327,0.346,0.288,-1
0.38,0.4,0.22,0.4,0.36,0.2,-1
0.417,0.583,0,0.583,0.167,0,-1
0.453,0.297,0.25,0.312,0.344,0.25,1
0.442,0.395,0.163,0.419,0.302,0.233,-1
0.43,0.323,0.247,0.43,0.269,0.269,1
0.353,0.471,0.176,0.471,0.118,0.294,1
0.333,0.25,0.417,0.417,0.25,0.333,1
0.444,0.333,0.222,0.478,0.256,0.267,-1
0.434,0.422,0.145,0.434,0.313,0.253,-1
0.349,0.372,0.279,0.512,0.209,0.209,-1
0.493,0.315,0.192,0.342,0.411,0.205,-1
0.233,0.256,0.512,0.279,0.488,0.465,-1
0.686,0.196,0.118,0.49,0.353,0.078,-1
0.514,0.243,0.243,0.432,0.351,0.216,-1
0.409,0.364,0.227,0.5,0.167,0.273,1
0.278,0.306,0.417,0.472,0.333,0.194,1
0.457,0.277,0.266,0.383,0.298,0.298,1
0.4,0.35,0.25,0.412,0.275,0.25,-1
0.323,0.312,0.366,0.495,0.28,0.29,-1
0.393,0.393,0.214,0.5,0.274,0.214,-1
0.636,0.159,0.205,0.273,0.25,0.227,1
0.452,0.214,0.333,0.31,0.429,0.286,-1
0.667,0.25,0.083,0.333,0.25,0.25,1
0.543,0.283,0.174,0.304,0.152,0.283,1
0.489,0.239,0.272,0.489,0.261,0.185,-1
0.583,0.417,0,0.667,0,0,-1
0.316,0.421,0.263,0.526,0.246,0.263,-1
0.182,0.545,0.273,0.545,0.273,0.182,1
0.5,0.5,0,0.667,0.167,0.167,1
0.523,0.284,0.193,0.409,0.386,0.148,1
0.46,0.302,0.238,0.587,0.19,0.222,1
0.534,0.25,0.216,0.364,0.398,0.182,1
0.38,0.36,0.26,0.44,0.3,0.22,-1
0.5,0.278,0.222,0.389,0.278,0.241,1
0.333,0.353,0.314,0.471,0.314,0.235,1
0.647,0.216,0.137,0.353,0.314,0.196,1
0.38,0.36,0.26,0.46,0.34,0.18,-1
0.417,0.333,0.25,0.667,0.083,0.25,1
0.5,0.261,0.239,0.402,0.304,0.25,1
0.241,0.315,0.444,0.389,0.333,0.259,1
0.484,0.221,0.295,0.358,0.389,0.232,-1
0.431,0.373,0.196,0.569,0.294,0.137,1
0.643,0.229,0.129,0.357,0.329,0.157,1
0.396,0.333,0.271,0.479,0.271,0.229,-1
0.6,0.244,0.156,0.344,0.378,0.2,1
0.431,0.397,0.172,0.5,0.293,0.172,-1
0.348,0.304,0.348,0.478,0.304,0.217,1
0.263,0.474,0.263,0.5,0.184,0.211,-1
0.513,0.295,0.192,0.333,0.359,0.244,1
0.647,0.176,0.176,0.588,0.176,0.118,1
0.292,0.396,0.312,0.521,0.229,0.167,-1
0.469,0.316,0.214,0.429,0.367,0.194,-1
0.404,0.362,0.234,0.426,0.319,0.277,1
0.351,0.39,0.26,0.377,0.351,0.247,1
0.583,0.417,0,0.583,0,0.083,-1
0.323,0.452,0.226,0.484,0.29,0.258,-1
0.464,0.25,0.286,0.607,0.357,0.071,-1
0.5,0.274,0.226,0.403,0.29,0.226,1
0.38,0.34,0.28,0.44,0.28,0.24,-1
0.281,0.491,0.228,0.491,0.281,0.263,-1
0.529,0.324,0.147,0.324,0.397,0.221,-1
0.561,0.194,0.245,0.337,0.418,0.163,-1
0.3,0.267,0.433,0.6,0.133,0.3,1
0.364,0.4,0.236,0.509,0.291,0.218,-1
0.456,0.353,0.191,0.471,0.338,0.176,-1
0.333,0.4,0.267,0.467,0.2,0.244,1
0.583,0.333,0.083,0.75,0,0.167,-1
0.39,0.377,0.234,0.623,0.234,0.169,-1
0.5,0.389,0.111,0.667,0.278,0.056,-1
0.309,0.382,0.309,0.345,0.345,0.273,1
0.439,0.194,0.367,0.469,0.337,0.153,-1
0.506,0.273,0.221,0.429,0.247,0.195,1
0.557,0.257,0.186,0.371,0.329,0.229,1
0.632,0.316,0.053,0.474,0.368,0,-1
0.364,0.273,0.364,0.455,0.364,0.182,-1
0.212,0.515,0.273,0.424,0.212,0.333,1
0.786,0.143,0.071,0.357,0.5,0.071,-1
0.391,0.402,0.207,0.345,0.31,0.31,1
0.638,0.224,0.138,0.397,0.379,0.19,-1
0.5,0.156,0.344,0.688,0.25,0.062,-1
0.5,0.25,0.25,0.375,0.312,0.312,1
0.24,0.4,0.36,0.42,0.3,0.32,1
0.424,0.322,0.254,0.508,0.254,0.203,-1
0.386,0.281,0.333,0.404,0.351,0.211,-1
0.345,0.327,0.327,0.455,0.236,0.327,-1
0.267,0.467,0.267,0.267,0.2,0.467,-1
0.5,0.265,0.235,0.337,0.398,0.276,1
0.434,0.373,0.193,0.422,0.313,0.205,1
0.517,0.3,0.183,0.35,0.4,0.25,1
0.429,0.385,0.187,0.319,0.352,0.297,-1
0.317,0.467,0.217,0.517,0.283,0.233,-1
0.514,0.297,0.189,0.405,0.27,0.162,1
0.476,0.286,0.238,0.603,0.222,0.159,1
0.427,0.373,0.2,0.413,0.347,0.227,-1
0.431,0.293,0.276,0.345,0.345,0.31,1
0.357,0.386,0.257,0.643,0.157,0.186,-1
0.676,0.211,0.113,0.38,0.352,0.141,1
0.269,0.388,0.343,0.433,0.299,0.343,-1
0.378,0.311,0.311,0.444,0.289,0.278,-1
0.333,0.436,0.231,0.449,0.295,0.308,-1
0.489,0.283,0.228,0.391,0.304,0.272,1
0.494,0.284,0.222,0.432,0.358,0.222,1
0.379,0.333,0.288,0.47,0.212,0.273,-1
0.295,0.386,0.318,0.523,0.227,0.182,1
0.402,0.423,0.175,0.629,0.196,0.165,-1
0.412,0.353,0.235,0.412,0.306,0.259,-1
0.574,0.191,0.234,0.298,0.149,0.255,1
0.466,0.293,0.241,0.241,0.259,0.397,1
0.422,0.289,0.289,0.467,0.244,0.222,1
0.167,0.333,0.5,0.667,0.167,0.333,-1
0.36,0.34,0.3,0.46,0.28,0.2,-1
0.486,0.297,0.216,0.351,0.351,0.189,1
0.35,0.45,0.2,0.425,0.325,0.3,-1
0.462,0.308,0.231,0.354,0.4,0.2,1
0.51,0.286,0.204,0.327,0.327,0.306,1
0.508,0.277,0.215,0.431,0.292,0.154,1
0.592,0.163,0.245,0.245,0.429,0.184,1
0.426,0.389,0.185,0.426,0.333,0.222,1
0.433,0.283,0.283,0.367,0.4,0.2,-1
0.407,0.37,0.222,0.457,0.309,0.222,-1
0.456,0.235,0.309,0.5,0.235,0.25,-1
0.52,0.214,0.265,0.367,0.357,0.224,1
0.488,0.317,0.195,0.366,0.183,0.268,1
0.447,0.289,0.263,0.553,0.263,0.184,1
0.288,0.441,0.271,0.475,0.339,0.237,-1
0.558,0.299,0.143,0.377,0.364,0.156,1
0.417,0.306,0.278,0.472,0.153,0.292,1
0.375,0.625,0,0.75,0,0,-1
0.457,0.326,0.217,0.467,0.283,0.207,1
0.353,0.333,0.314,0.373,0.49,0.216,-1
0.467,0.356,0.178,0.511,0.311,0.089,1
0.85,0.15,0,1,0,0,-1
0.463,0.328,0.209,0.418,0.254,0.209,1
0.273,0.386,0.341,0.523,0.25,0.182,1
0.388,0.341,0.271,0.435,0.294,0.294,-1
0.567,0.3,0.133,0.5,0.2,0.15,1
0.48,0.27,0.25,0.47,0.3,0.18,1
0.444,0.556,0,0.556,0.111,0,-1
0.583,0.417,0,0.667,0.083,0,-1
0.4,0.308,0.292,0.477,0.246,0.185,-1
0.214,0.446,0.339,0.429,0.286,0.286,1
0.439,0.318,0.242,0.53,0.242,0.227,1
0.286,0.524,0.19,0.524,0.143,0.143,-1
0.557,0.193,0.25,0.409,0.25,0.227,1
0.667,0.25,0.083,0.333,0.25,0.25,1
0.622,0.189,0.189,0.378,0.344,0.144,1
0.265,0.324,0.412,0.5,0.294,0.206,1
0.378,0.311,0.311,0.578,0.311,0.089,-1
0.43,0.301,0.269,0.355,0.247,0.355,1
0.329,0.434,0.237,0.513,0.237,0.237,1
0.31,0.483,0.207,0.534,0.259,0.224,-1
0.392,0.378,0.23,0.446,0.243,0.297,-1
0.571,0.214,0.214,0.529,0.214,0.086,-1
0,0.714,0.286,0.714,0.143,0.286,1
0.386,0.352,0.261,0.375,0.273,0.307,-1
0.52,0.286,0.194,0.388,0.408,0.194,1
0.385,0.33,0.286,0.505,0.22,0.275,-1
0.294,0.529,0.176,0.588,0.235,0.176,-1
0.363,0.286,0.352,0.538,0.231,0.286,1
0.686,0.196,0.118,0.49,0.353,0.078,-1
0.409,0.364,0.227,0.455,0.341,0.25,-1
0.316,0.456,0.228,0.544,0.298,0.158,-1
0.393,0.345,0.262,0.417,0.321,0.238,1
0.517,0.218,0.264,0.483,0.299,0.195,-1
0.478,0.275,0.246,0.377,0.275,0.217,1
0.4,0.4,0.2,0.48,0.28,0.2,1
0.395,0.372,0.233,0.581,0.163,0.233,-1
0.387,0.376,0.237,0.398,0.258,0.28,-1
0.306,0.449,0.245,0.49,0.347,0.163,1
0.488,0.244,0.268,0.476,0.268,0.159,1
0.507,0.268,0.225,0.451,0.352,0.141,-1
0.5,0.417,0.083,0.667,0,0.083,-1
0.511,0.234,0.255,0.479,0.234,0.181,-1
0.38,0.34,0.28,0.46,0.34,0.16,-1
0.655,0.207,0.138,0.483,0.345,0.103,-1
0.44,0.34,0.22,0.41,0.31,0.3,-1
0.51,0.286,0.204,0.265,0.388,0.245,1
0.341,0.318,0.341,0.591,0.182,0.25,1
0.489,0.239,0.272,0.391,0.304,0.272,1
0.517,0.31,0.172,0.414,0.241,0.293,1
0.375,0.375,0.25,0.25,0.5,0.25,1
0.38,0.34,0.28,0.37,0.38,0.27,-1
0.182,0.545,0.273,0.636,0.136,0.273,1
0.471,0.294,0.235,0.412,0.294,0.294,1
0.35,0.338,0.312,0.45,0.325,0.2,-1
0.444,0.333,0.222,0.444,0.278,0.278,1
0.581,0.243,0.176,0.419,0.338,0.203,1
0.5,0.417,0.083,0.417,0.083,0,-1
0.326,0.419,0.256,0.419,0.302,0.279,-1
0.31,0.362,0.328,0.466,0.207,0.276,1
0.492,0.27,0.238,0.603,0.238,0.175,1
0.365,0.365,0.27,0.446,0.27,0.243,1
0.608,0.196,0.196,0.275,0.294,0.235,1
0.341,0.273,0.386,0.432,0.409,0.239,-1
0.722,0.222,0.056,0.5,0.444,0.111,1
0.542,0.169,0.288,0.407,0.373,0.22,-1
0.483,0.3,0.217,0.367,0.317,0.25,1
0.284,0.343,0.373,0.358,0.358,0.284,-1
0.317,0.317,0.367,0.5,0.333,0.183,1
0.329,0.415,0.256,0.524,0.232,0.317,-1
0.373,0.353,0.275,0.471,0.294,0.196,1
0.447,0.383,0.17,0.468,0.404,0.149,-1
0.396,0.321,0.283,0.453,0.264,0.226,-1
0.588,0.237,0.175,0.34,0.351,0.216,-1
0.32,0.36,0.32,0.48,0.32,0.22,1
0.732,0.171,0.098,0.463,0.39,0.073,-1
0.42,0.3,0.28,0.42,0.34,0.22,-1
0.333,0.333,0.333,0.46,0.287,0.264,-1
0.37,0.463,0.167,0.556,0.204,0.241,-1
0.722,0.222,0.056,0.5,0.5,0.056,1
0.743,0.114,0.143,0.486,0.371,0.086,-1
0.41,0.265,0.325,0.446,0.289,0.193,1
0.778,0.222,0,0.444,0.333,0,1
0.667,0.167,0.167,0.431,0.375,0.125,1
0.474,0.211,0.316,0.184,0.316,0.421,1
0.333,0.353,0.314,0.471,0.314,0.216,1
0.627,0.136,0.237,0.508,0.288,0.169,-1
0.417,0.312,0.271,0.562,0.271,0.083,1
0.463,0.278,0.259,0.5,0.296,0.222,1
0.312,0.333,0.354,0.375,0.396,0.271,1
0.237,0.305,0.458,0.475,0.373,0.271,1
0.455,0.348,0.197,0.439,0.303,0.197,-1
0.378,0.28,0.341,0.378,0.354,0.256,-1
0.429,0.321,0.25,0.411,0.304,0.268,-1
0.88,0.04,0.08,0.12,0.32,0.16,1
0.231,0.462,0.308,0.538,0.308,0.308,-1
0.295,0.364,0.341,0.523,0.25,0.159,1
0.378,0.311,0.311,0.405,0.405,0.162,-1
0.5,0.438,0.062,0.5,0.188,0.188,-1
0.49,0.333,0.176,0.392,0.294,0.333,1
0.511,0.239,0.25,0.432,0.364,0.216,-1
0.596,0.25,0.154,0.385,0.327,0.192,1
0.732,0.244,0.024,0.488,0.463,0.024,-1
0.25,0.426,0.324,0.471,0.309,0.235,1
0.439,0.329,0.232,0.439,0.244,0.317,1
0.559,0.22,0.22,0.407,0.39,0.186,1
0.323,0.28,0.398,0.527,0.194,0.269,-1
0.392,0.333,0.275,0.392,0.275,0.333,-1
0.413,0.429,0.159,0.524,0.238,0.127,-1
0.396,0.321,0.283,0.415,0.377,0.17,-1
0.452,0.301,0.247,0.376,0.344,0.247,1
0.417,0.389,0.194,0.5,0.264,0.181,-1
0.5,0.417,0.083,0.25,0.25,0.333,1
0.526,0.263,0.211,0.421,0.263,0.263,1
0.8,0,0.2,0,0.4,0.2,-1
0.393,0.393,0.214,0.512,0.262,0.226,-1
0.427,0.365,0.208,0.427,0.292,0.219,-1
0.316,0.211,0.474,0.158,0.368,0.579,-1
0.526,0.269,0.205,0.513,0.308,0.115,-1
0.344,0.391,0.266,0.469,0.297,0.281,-1
0.304,0.406,0.29,0.435,0.348,0.232,1
0.434,0.398,0.169,0.506,0.229,0.193,-1
0.36,0.371,0.27,0.404,0.27,0.303,-1
0.279,0.412,0.309,0.441,0.279,0.279,1
0.281,0.516,0.203,0.562,0.297,0.172,-1
0.667,0.176,0.157,0.255,0.392,0.255,1
0.491,0.236,0.273,0.418,0.436,0.145,-1
0.417,0.583,0,0.5,0,0.083,-1
0.373,0.353,0.275,0.471,0.314,0.196,1
0.396,0.34,0.264,0.434,0.377,0.189,-1
0.414,0.357,0.229,0.557,0.243,0.2,1
0.456,0.279,0.265,0.5,0.279,0.235,1
0.427,0.293,0.28,0.439,0.354,0.232,1
0.304,0.326,0.37,0.413,0.348,0.326,-1
0.328,0.414,0.259,0.466,0.276,0.241,-1
0.295,0.386,0.318,0.523,0.227,0.182,1
0.341,0.39,0.268,0.512,0.268,0.244,1
0.5,0.269,0.231,0.423,0.256,0.205,1
0.367,0.354,0.278,0.342,0.418,0.316,-1
0.369,0.323,0.308,0.446,0.431,0.169,1
0.284,0.358,0.358,0.543,0.185,0.284,-1
0.489,0.319,0.191,0.404,0.447,0.085,-1
0.36,0.36,0.28,0.46,0.32,0.18,-1
0.405,0.333,0.262,0.429,0.262,0.19,-1
0.533,0.317,0.15,0.4,0.333,0.2,1
0.317,0.286,0.397,0.492,0.254,0.222,1
0.4,0.333,0.267,0.467,0.4,0.133,-1
0.549,0.275,0.176,0.255,0.314,0.294,1
0.478,0.313,0.209,0.403,0.343,0.284,-1
0.38,0.32,0.3,0.44,0.34,0.16,-1
0.514,0.243,0.243,0.595,0.243,0.108,-1
0.32,0.4,0.28,0.58,0.22,0.24,1
0.5,0.333,0.167,0.5,0.333,0.333,1
0.315,0.37,0.315,0.407,0.315,0.333,1
0.308,0.415,0.277,0.477,0.277,0.338,-1
0.453,0.234,0.312,0.391,0.188,0.312,1
0.273,0.386,0.341,0.523,0.25,0.182,1
0.429,0.369,0.202,0.5,0.262,0.226,-1
0.352,0.389,0.259,0.481,0.315,0.185,1
0.412,0.353,0.235,0.706,0.294,0,-1
0.577,0.254,0.169,0.451,0.254,0.155,-1
0.468,0.351,0.182,0.532,0.299,0.182,-1
0.426,0.362,0.213,0.447,0.309,0.234,-1
0.412,0.382,0.206,0.471,0.412,0.147,-1
0.333,0.583,0.083,0.583,0.333,0.083,-1
0.375,0.35,0.275,0.412,0.288,0.262,1
0.383,0.362,0.255,0.404,0.191,0.298,1
0.558,0.25,0.192,0.346,0.404,0.192,1
0.697,0.227,0.076,0.394,0.379,0.106,1
0.392,0.314,0.294,0.451,0.314,0.216,-1
0.556,0.111,0.333,0.222,0.667,0.111,1
0.255,0.4,0.345,0.436,0.2,0.327,-1
0.486,0.314,0.2,0.314,0.329,0.286,1
0.563,0.211,0.225,0.465,0.366,0.127,-1
0.593,0.22,0.186,0.322,0.322,0.288,1
0.473,0.269,0.258,0.452,0.29,0.237,-1
0.344,0.289,0.367,0.522,0.2,0.3,-1
0.373,0.424,0.203,0.458,0.22,0.305,-1
0.508,0.237,0.254,0.407,0.373,0.203,-1
0.133,0.267,0.6,0.4,0.333,0.267,1
0.481,0.304,0.215,0.342,0.367,0.241,1
0.379,0.345,0.276,0.431,0.224,0.259,1
0.492,0.262,0.246,0.308,0.308,0.292,1
0.477,0.352,0.17,0.42,0.352,0.17,-1
0.444,0.556,0,0.667,0.222,0,-1
0.519,0.315,0.167,0.352,0.389,0.241,1
0.25,0.75,0,0.75,0.083,0,-1
0.421,0.404,0.175,0.491,0.298,0.246,-1
0.609,0.152,0.239,0.283,0.261,0.283,1
0.583,0.417,0,0.417,0.083,0,-1
0.543,0.284,0.173,0.395,0.407,0.173,1
0.414,0.31,0.276,0.368,0.299,0.299,1
0.462,0.354,0.185,0.477,0.277,0.2,-1
0.337,0.386,0.277,0.361,0.277,0.337,1
0.449,0.282,0.269,0.385,0.333,0.244,1
0.58,0.26,0.16,0.36,0.38,0.16,1
0.306,0.417,0.278,0.444,0.417,0.25,-1
0.64,0.151,0.209,0.36,0.337,0.186,1
0.397,0.379,0.224,0.431,0.328,0.224,1
0.295,0.386,0.318,0.523,0.25,0.182,1
0.541,0.189,0.27,0.27,0.27,0.27,1
0.44,0.352,0.209,0.495,0.198,0.253,-1
0.579,0.342,0.079,0.579,0.395,0,-1
0.423,0.423,0.155,0.521,0.31,0.141,-1
0.537,0.268,0.195,0.366,0.317,0.232,1
0.414,0.276,0.31,0.402,0.264,0.241,1
0.373,0.333,0.294,0.451,0.314,0.216,1
0.492,0.27,0.238,0.587,0.222,0.206,1
0.295,0.386,0.318,0.523,0.227,0.182,1
0.333,0.556,0.111,0.556,0.222,0.333,1
0.373,0.353,0.275,0.451,0.314,0.216,1
0.57,0.23,0.2,0.43,0.36,0.15,1
0.37,0.321,0.309,0.432,0.235,0.259,1
0.421,0.316,0.263,0.368,0.379,0.221,-1
0.383,0.319,0.298,0.362,0.191,0.319,1
0.25,0.327,0.423,0.385,0.385,0.327,-1
0.414,0.328,0.259,0.293,0.362,0.293,1
0.389,0.256,0.356,0.567,0.211,0.244,-1
0.344,0.459,0.197,0.541,0.23,0.18,-1
0.476,0.302,0.222,0.444,0.254,0.19,1
0.388,0.347,0.265,0.327,0.347,0.245,1
0.444,0.333,0.222,0.222,0.222,0.333,-1
0.5,0.222,0.278,0.417,0.417,0.111,-1
0.6,0.15,0.25,0.367,0.35,0.167,1
0.725,0.15,0.125,0.325,0.4,0.1,1
0.464,0.345,0.19,0.393,0.333,0.214,1
0.5,0.25,0.25,0.433,0.3,0.167,1
0.417,0.583,0,0.583,0.083,0,-1
0.457,0.2,0.343,0.343,0.486,0.171,-1
0.533,0.253,0.213,0.4,0.373,0.2,-1
0.308,0.404,0.288,0.404,0.404,0.269,-1
0.58,0.261,0.159,0.42,0.333,0.188,-1
0.647,0.294,0.059,0.471,0.353,0.059,-1
0.25,0.625,0.125,0.625,0,0.25,1
0.461,0.289,0.25,0.487,0.368,0.145,-1
0.333,0.364,0.303,0.394,0.379,0.288,-1
0.439,0.318,0.242,0.53,0.242,0.227,1
0.481,0.352,0.167,0.407,0.426,0.148,1
0.577,0.254,0.169,0.535,0.141,0.141,-1
0.45,0.2,0.35,0.4,0.5,0.1,-1
0.429,0.286,0.286,0.429,0.286,0.286,1
0.338,0.4,0.262,0.538,0.277,0.246,-1
0.38,0.34,0.28,0.44,0.32,0.22,-1
0.369,0.431,0.2,0.446,0.231,0.323,-1
0.375,0.3,0.325,0.525,0.175,0.2,1
0.26,0.42,0.32,0.46,0.3,0.24,1
0.463,0.278,0.259,0.352,0.315,0.259,1
0.37,0.348,0.283,0.457,0.391,0.239,1
0.279,0.395,0.326,0.442,0.372,0.279,-1
0.384,0.37,0.247,0.493,0.164,0.301,1
0.512,0.122,0.366,0.561,0.341,0.098,-1
0.651,0.233,0.116,0.326,0.326,0.116,-1
0.727,0.091,0.182,0.364,0.364,0.182,-1
0.622,0.311,0.067,0.489,0.467,0.022,-1
0.322,0.402,0.276,0.356,0.276,0.345,1
0.279,0.302,0.419,0.535,0.256,0.209,-1
0.386,0.351,0.263,0.579,0.316,0.158,-1
0.465,0.163,0.372,0.558,0.372,0.07,-1
0.544,0.304,0.152,0.329,0.38,0.241,1
0.727,0.273,0,0.455,0.455,0.091,-1
0.352,0.338,0.31,0.366,0.254,0.296,1
0.333,0.353,0.314,0.471,0.314,0.216,1
0.616,0.163,0.221,0.337,0.372,0.267,-1
0.5,0.231,0.269,0.327,0.442,0.25,-1
0.316,0.404,0.281,0.439,0.386,0.193,-1
0.495,0.283,0.222,0.384,0.354,0.202,1
0.341,0.273,0.386,0.443,0.409,0.227,-1
0.518,0.232,0.25,0.321,0.25,0.321,1
0.258,0.364,0.379,0.409,0.333,0.273,-1
0.583,0.333,0.083,0.583,0.083,0.083,-1
0.266,0.391,0.344,0.469,0.312,0.234,1
0.39,0.39,0.22,0.458,0.254,0.254,-1
0.382,0.395,0.224,0.684,0.092,0.211,-1
0.5,0.5,0,0.5,0.083,0,-1
0.434,0.386,0.181,0.349,0.301,0.337,-1
0.667,0.25,0.083,0.333,0.167,0.333,1
0.507,0.31,0.183,0.423,0.296,0.155,-1
0.341,0.341,0.317,0.488,0.195,0.268,1
0.469,0.284,0.247,0.333,0.333,0.321,-1
0.411,0.221,0.368,0.358,0.411,0.232,1
0.319,0.362,0.319,0.426,0.277,0.17,1
0.36,0.36,0.28,0.46,0.34,0.18,-1
0.5,0.25,0.25,0.417,0.167,0.333,1
0.25,0.386,0.364,0.523,0.25,0.182,1
0.357,0.339,0.304,0.464,0.321,0.214,1
0.43,0.323,0.247,0.387,0.258,0.323,1
0.256,0.302,0.442,0.535,0.233,0.233,-1
0.417,0.5,0.083,0.5,0.083,0,-1
0.341,0.39,0.268,0.488,0.22,0.195,-1
0.273,0.309,0.418,0.4,0.273,0.345,-1
0.458,0.312,0.229,0.375,0.292,0.208,-1
0.442,0.302,0.256,0.512,0.233,0.279,1
0.597,0.264,0.139,0.361,0.361,0.181,1
0.505,0.278,0.216,0.454,0.289,0.175,-1
0.636,0.205,0.159,0.364,0.182,0.227,1
0.451,0.275,0.275,0.353,0.333,0.255,1
0.737,0.211,0.053,0.474,0.342,0.079,-1
0.338,0.423,0.239,0.437,0.254,0.324,-1
0.256,0.395,0.349,0.512,0.233,0.209,1
0.388,0.358,0.254,0.358,0.343,0.313,1
0.255,0.294,0.451,0.588,0.255,0.235,-1
0.312,0.438,0.25,0.5,0.188,0.312,1
0.283,0.391,0.326,0.5,0.283,0.283,-1
0.518,0.268,0.214,0.5,0.286,0.214,-1
0.4,0.36,0.24,0.48,0.28,0.22,-1
0.448,0.46,0.092,0.655,0.172,0.161,-1
0.429,0.381,0.19,0.333,0.302,0.365,-1
0.65,0.15,0.2,0.4,0.3,0.15,1
0.556,0.111,0.333,0.444,0.333,0.111,-1
0.394,0.33,0.277,0.362,0.309,0.298,1
0.364,0.327,0.309,0.491,0.291,0.164,1
0.355,0.312,0.333,0.516,0.226,0.269,-1
0.467,0.256,0.278,0.422,0.267,0.256,-1
0.212,0.404,0.384,0.354,0.273,0.384,-1
0.353,0.353,0.294,0.451,0.314,0.216,1
0.491,0.321,0.189,0.321,0.302,0.302,1
0.314,0.353,0.333,0.49,0.333,0.235,-1
0.367,0.117,0.517,0.25,0.467,0.467,-1
0.714,0.186,0.1,0.371,0.343,0.171,1
0.438,0.288,0.274,0.425,0.452,0.178,1
0.5,0.3,0.2,0.35,0.433,0.217,-1
0.31,0.483,0.207,0.603,0.241,0.224,-1
0.227,0.409,0.364,0.523,0.25,0.182,1
0.395,0.349,0.256,0.512,0.256,0.256,-1
0.337,0.316,0.347,0.51,0.296,0.235,-1
0.366,0.31,0.324,0.366,0.352,0.296,1
0.4,0.36,0.24,0.493,0.16,0.293,1
0.529,0.271,0.2,0.443,0.357,0.214,-1
0.568,0.243,0.189,0.324,0.405,0.189,1
0.609,0.25,0.141,0.391,0.281,0.25,1
0.451,0.286,0.264,0.385,0.297,0.297,1
0.7,0.1,0.2,0.467,0.333,0.1,1
0.308,0.423,0.269,0.385,0.404,0.269,1
0.353,0.333,0.314,0.451,0.314,0.235,1
0.403,0.306,0.292,0.458,0.319,0.236,-1
0.542,0.271,0.188,0.312,0.333,0.312,1
0.488,0.288,0.225,0.462,0.225,0.262,-1
0.473,0.264,0.264,0.319,0.341,0.308,1
0.353,0.338,0.309,0.485,0.235,0.206,-1
0.559,0.235,0.206,0.353,0.471,0.176,-1
0.577,0.212,0.212,0.346,0.404,0.192,1
0.5,0.5,0,0.5,0.083,0,-1
0.667,0.292,0.042,0.583,0.167,0.125,-1
0.545,0.216,0.239,0.318,0.341,0.227,1
0.623,0.232,0.145,0.435,0.42,0.13,-1
0.6,0.2,0.2,0.333,0.533,0.2,-1
0.357,0.357,0.286,0.429,0.214,0.357,1
0.527,0.218,0.255,0.309,0.255,0.291,1
0.686,0.143,0.171,0.357,0.314,0.214,1
0.444,0.444,0.111,0.444,0,0.222,-1
0.472,0.258,0.27,0.404,0.348,0.225,1
0.534,0.17,0.295,0.307,0.443,0.17,1
0.384,0.37,0.247,0.493,0.151,0.301,1
0.361,0.459,0.18,0.508,0.361,0.148,-1
0.438,0.333,0.229,0.458,0.219,0.312,-1
0.75,0,0.25,0.25,0.5,0.25,1
0.467,0.333,0.2,0.467,0.2,0.2,1
0.477,0.295,0.227,0.364,0.284,0.295,-1
0.4,0.34,0.26,0.4,0.34,0.24,1
0.426,0.383,0.191,0.362,0.383,0.234,-1
0.361,0.279,0.361,0.475,0.328,0.164,1
0.4,0.327,0.273,0.418,0.2,0.309,1
0.371,0.403,0.226,0.516,0.274,0.161,-1
0.517,0.225,0.258,0.348,0.281,0.281,1
0.246,0.435,0.319,0.493,0.319,0.261,-1
0.395,0.36,0.244,0.453,0.233,0.279,-1
0.58,0.23,0.19,0.44,0.36,0.14,1
0.405,0.405,0.19,0.512,0.274,0.202,-1
0.405,0.369,0.226,0.512,0.286,0.202,-1
0.6,0.2,0.2,0.311,0.2,0.244,1
0.339,0.435,0.226,0.532,0.242,0.226,-1
0.846,0.154,0,0.692,0.308,0,-1
0.256,0.256,0.488,0.279,0.465,0.465,-1
0.625,0.125,0.25,0.321,0.375,0.25,1
0.667,0.278,0.056,0.5,0.444,0.111,1
0.538,0.169,0.292,0.308,0.308,0.338,1
0.419,0.323,0.258,0.355,0.387,0.258,-1
0.431,0.314,0.255,0.412,0.353,0.176,1
0.8,0.133,0.067,0.667,0.067,0.2,-1
0.465,0.326,0.209,0.326,0.395,0.186,-1
0.698,0.159,0.143,0.413,0.365,0.127,1
0.171,0.314,0.514,0.457,0.314,0.257,1
0.36,0.34,0.3,0.48,0.28,0.24,1
0.387,0.468,0.145,0.548,0.242,0.258,-1
0.583,0.417,0,0.583,0,0.083,-1
0.38,0.34,0.28,0.44,0.3,0.22,-1
0.415,0.308,0.277,0.492,0.308,0.215,-1
0.265,0.408,0.327,0.347,0.347,0.347,1
0.589,0.214,0.196,0.375,0.268,0.214,1
0.293,0.466,0.241,0.552,0.224,0.241,-1
0.255,0.455,0.291,0.545,0.164,0.291,1
0.417,0.357,0.226,0.429,0.262,0.286,-1
0.3,0.467,0.233,0.4,0.3,0.267,-1
0.412,0.412,0.176,0.647,0.294,0.059,-1
0.4,0.326,0.274,0.347,0.432,0.242,-1
0.279,0.361,0.361,0.393,0.246,0.41,1
0.618,0.202,0.18,0.371,0.281,0.236,1
0.514,0.324,0.162,0.378,0.324,0.162,1
0.615,0.231,0.154,0.385,0.327,0.192,1
0.442,0.284,0.274,0.432,0.253,0.242,-1
0.224,0.517,0.259,0.466,0.241,0.259,1
0.326,0.337,0.337,0.391,0.228,0.348,-1
0.5,0.125,0.375,0.5,0.375,0,1
0.429,0.343,0.229,0.514,0.229,0.143,-1
0.592,0.197,0.211,0.5,0.329,0.145,-1
0.538,0.231,0.231,0.346,0.385,0.231,1
0.396,0.34,0.264,0.453,0.321,0.189,-1
0.367,0.244,0.389,0.544,0.2,0.278,1
0.373,0.333,0.294,0.49,0.314,0.196,1
0.673,0.269,0.058,0.5,0.442,0.038,-1
0.133,0.333,0.533,0.533,0.333,0.133,1
0.444,0.241,0.315,0.444,0.352,0.222,-1
0.5,0.417,0.083,0.5,0.083,0.083,-1
0.566,0.208,0.226,0.34,0.415,0.226,1
0.3,0.467,0.233,0.5,0.267,0.233,-1
0.846,0.077,0.077,0.462,0.538,0.077,1
0.414,0.293,0.293,0.424,0.364,0.263,1
0.48,0.28,0.24,0.64,0.28,0.08,-1
0.75,0.167,0.083,0.25,0.167,0.417,1
0.56,0.24,0.2,0.28,0.34,0.24,1
0.667,0.206,0.127,0.381,0.381,0.159,1
0.308,0.477,0.215,0.538,0.231,0.231,-1
0.444,0.222,0.333,0.333,0.333,0.333,1
0.451,0.235,0.314,0.353,0.353,0.333,1
0.328,0.418,0.254,0.493,0.284,0.224,-1
0.5,0.25,0.25,0.25,0.5,0.25,1
0.584,0.247,0.169,0.348,0.404,0.225,1
0.326,0.304,0.37,0.435,0.304,0.283,1
0.463,0.343,0.194,0.537,0.284,0.224,1
0.375,0.357,0.268,0.5,0.25,0.232,-1
0.578,0.219,0.203,0.531,0.312,0.094,-1
0.312,0.355,0.333,0.43,0.323,0.258,1
0.73,0.111,0.159,0.397,0.381,0.127,1
0.466,0.25,0.284,0.295,0.295,0.341,1
0.514,0.284,0.203,0.486,0.311,0.176,-1
0.286,0.429,0.286,0.5,0.214,0.357,1
0.432,0.307,0.261,0.33,0.352,0.295,-1
0.353,0.588,0.059,0.529,0.059,0.118,-1
0.385,0.462,0.154,0.462,0.385,0.154,-1
0.5,0.258,0.242,0.419,0.29,0.21,1
0.568,0.239,0.193,0.364,0.432,0.17,1
0.328,0.5,0.172,0.552,0.172,0.276,-1
0.484,0.275,0.242,0.385,0.308,0.264,1
0.3,0.38,0.32,0.5,0.4,0.16,1
0.366,0.338,0.296,0.394,0.254,0.268,1
0.508,0.262,0.23,0.738,0.164,0.131,-1
0.346,0.442,0.212,0.481,0.25,0.25,1
0.444,0.333,0.222,0.317,0.365,0.317,1
0.368,0.263,0.368,0.526,0.158,0.316,-1
0.833,0,0.167,0.167,0.667,0.167,-1
0.39,0.29,0.32,0.41,0.31,0.25,1
0.324,0.423,0.254,0.521,0.296,0.169,-1
0.529,0.353,0.118,0.5,0.206,0.176,-1
0.882,0,0.118,0.588,0.412,0,-1
0.333,0.367,0.3,0.35,0.367,0.333,1
0.371,0.4,0.229,0.343,0.314,0.286,-1
0.647,0.294,0.059,0.471,0.353,0.059,-1
0.373,0.353,0.275,0.451,0.333,0.216,-1
0.857,0.143,0,0.143,0.429,0,-1
0.383,0.4,0.217,0.333,0.35,0.3,-1
0.36,0.34,0.3,0.46,0.34,0.16,-1
0.667,0.167,0.167,0.333,0.5,0.167,1
0.452,0.28,0.269,0.484,0.333,0.183,-1
0.4,0.369,0.231,0.354,0.323,0.262,1
0.398,0.301,0.301,0.494,0.265,0.253,-1
0.714,0.143,0.143,0.571,0.286,0,1
0.4,0.291,0.309,0.4,0.345,0.218,1
0.541,0.324,0.135,0.473,0.284,0.054,-1
0.54,0.28,0.18,0.36,0.3,0.22,1
0.529,0.059,0.412,0.588,0.294,0.118,-1
0.492,0.305,0.203,0.39,0.356,0.22,1
0.405,0.297,0.297,0.324,0.311,0.324,-1
0.375,0.375,0.25,0.417,0.333,0.271,1
0.549,0.333,0.118,0.529,0.294,0.176,-1
0.394,0.303,0.303,0.333,0.364,0.318,1
0.333,0.296,0.37,0.519,0.148,0.185,1
0.167,0.583,0.25,0.417,0.167,0.417,-1
0.286,0.214,0.5,0.357,0.357,0.5,1
0.383,0.34,0.277,0.468,0.255,0.213,1
0.317,0.467,0.217,0.517,0.267,0.183,-1
0.407,0.42,0.173,0.543,0.259,0.185,-1
0.9,0,0.1,0.1,0.3,0.2,-1
0.351,0.378,0.27,0.405,0.365,0.27,1
0.507,0.29,0.203,0.406,0.319,0.232,1
0.412,0.353,0.235,0.412,0.333,0.235,-1
0.615,0.212,0.173,0.385,0.308,0.192,1
0.333,0.667,0,0.444,0.222,0.222,-1
0.643,0.143,0.214,0.643,0.286,0.071,-1
0.568,0.182,0.25,0.398,0.25,0.239,1
0.273,0.386,0.341,0.523,0.227,0.182,1
0.455,0.364,0.182,0.424,0.242,0.303,-1
0.473,0.275,0.253,0.385,0.198,0.319,1
0.333,0.4,0.267,0.467,0.2,0.333,1
0.55,0.3,0.15,0.35,0.4,0.25,-1
0.48,0.32,0.2,0.52,0.12,0.28,1
0.366,0.366,0.268,0.439,0.171,0.293,1
0.905,0.048,0.048,0.571,0.381,0,1
0.538,0.295,0.167,0.359,0.41,0.205,1
0.6,0.22,0.18,0.28,0.4,0.18,1
0.345,0.309,0.345,0.382,0.364,0.236,1
0.614,0.205,0.182,0.375,0.307,0.216,1
0.619,0.286,0.095,0.524,0.095,0.143,-1
0.478,0.377,0.145,0.623,0.203,0.145,-1
0.386,0.4,0.214,0.314,0.271,0.371,-1
0.37,0.407,0.222,0.556,0.198,0.198,-1
0.279,0.279,0.442,0.581,0.256,0.163,-1
0.318,0.471,0.212,0.659,0.118,0.188,1
0.314,0.353,0.333,0.451,0.275,0.235,-1
0.53,0.31,0.16,0.43,0.35,0.21,1
0.4,0.25,0.35,0.45,0.2,0.25,1
0.423,0.462,0.115,0.5,0.231,0.154,-1
0.5,0.5,0,0.667,0,0,-1
0.404,0.333,0.263,0.421,0.193,0.316,1
0.5,0.1,0.4,0.217,0.433,0.4,-1
0.404,0.404,0.193,0.439,0.281,0.316,-1
0.348,0.319,0.333,0.406,0.464,0.188,-1
0.333,0.4,0.267,0.4,0.267,0.222,1
0.635,0.192,0.173,0.327,0.404,0.212,1
0.5,0.5,0,0.75,0,0,-1
0.45,0.4,0.15,0.45,0.2,0.2,1
0.182,0.364,0.455,0.545,0.273,0.182,-1
0.541,0.27,0.189,0.351,0.405,0.189,1
0.553,0.234,0.213,0.277,0.191,0.319,1
0.314,0.373,0.314,0.451,0.275,0.235,-1
0.64,0.2,0.16,0.52,0.28,0.24,-1
0.426,0.298,0.277,0.532,0.234,0.106,1
0.375,0.5,0.125,0.625,0.125,0.25,1
0.439,0.306,0.255,0.48,0.224,0.245,-1
0.25,0.386,0.364,0.523,0.25,0.182,1
0.41,0.3,0.29,0.43,0.3,0.24,1
0.632,0.053,0.316,0.421,0.421,0.053,1
0.375,0.357,0.268,0.464,0.25,0.268,1
0.256,0.326,0.419,0.558,0.256,0.186,-1
0.49,0.219,0.292,0.333,0.333,0.271,1
0.52,0.23,0.25,0.31,0.33,0.26,1
0.308,0.327,0.365,0.346,0.404,0.346,-1
0.516,0.264,0.22,0.407,0.297,0.264,1
0.268,0.22,0.512,0.415,0.341,0.329,-1
0.314,0.353,0.333,0.49,0.333,0.235,1
0.5,0.25,0.25,0.438,0.25,0.312,1
0.52,0.26,0.22,0.44,0.24,0.22,1
0.548,0.274,0.177,0.387,0.355,0.194,1
0.365,0.376,0.259,0.471,0.306,0.247,-1
0.286,0.143,0.571,0.5,0.286,0.286,1
0.363,0.275,0.363,0.538,0.231,0.286,-1
0.493,0.313,0.194,0.552,0.284,0.209,1
0.385,0.231,0.385,0.231,0.231,0.538,1
0.283,0.478,0.239,0.391,0.304,0.348,-1
0.329,0.356,0.315,0.397,0.288,0.329,1
0.75,0.125,0.125,0.875,0.125,0.125,-1
0.333,0.333,0.333,0.4,0.367,0.25,-1
0.495,0.368,0.137,0.421,0.305,0.221,-1
0.321,0.41,0.269,0.436,0.321,0.282,1
0.53,0.277,0.193,0.398,0.313,0.265,-1
0.44,0.31,0.25,0.512,0.262,0.226,1
0.375,0.338,0.288,0.45,0.312,0.262,-1
0.565,0.232,0.203,0.319,0.478,0.174,-1
0.4,0.367,0.233,0.55,0.2,0.233,-1
0.265,0.324,0.412,0.5,0.265,0.294,1
0.434,0.349,0.217,0.313,0.337,0.313,1
0.488,0.293,0.22,0.476,0.268,0.159,1
0.717,0.13,0.152,0.413,0.413,0.13,-1
0.382,0.279,0.338,0.412,0.338,0.235,1
0.5,0.341,0.159,0.42,0.341,0.159,-1
0.424,0.348,0.227,0.545,0.273,0.197,1
0.506,0.306,0.188,0.412,0.318,0.165,1
0.453,0.297,0.25,0.281,0.375,0.266,1
0.394,0.354,0.253,0.414,0.343,0.253,-1
0.373,0.333,0.294,0.451,0.314,0.216,1
0.297,0.312,0.391,0.391,0.344,0.312,1
0.3,0.36,0.34,0.46,0.22,0.3,1
0.41,0.311,0.279,0.361,0.328,0.279,-1
0.444,0.244,0.311,0.356,0.344,0.267,-1
0.684,0.211,0.105,0.632,0.053,0.053,-1
0.476,0.254,0.27,0.444,0.333,0.206,-1
0.273,0.455,0.273,0.545,0.273,0.091,1
0.326,0.478,0.196,0.565,0.239,0.261,-1
0.519,0.26,0.221,0.39,0.39,0.169,1
0.64,0.12,0.24,0.28,0.44,0.2,1
0.538,0.231,0.231,0.385,0.231,0.231,1
0.267,0.244,0.489,0.444,0.356,0.222,1
0.26,0.42,0.32,0.4,0.32,0.3,1
0.4,0.32,0.28,0.46,0.3,0.22,-1
0.563,0.239,0.197,0.451,0.338,0.141,-1
0.553,0.282,0.165,0.365,0.353,0.212,1
0.347,0.367,0.286,0.469,0.265,0.204,1
0.326,0.391,0.283,0.457,0.261,0.217,1
0.222,0.333,0.444,0.444,0.222,0.111,-1
0.36,0.442,0.198,0.5,0.221,0.256,1
0.202,0.071,0.726,0.655,0.095,0.286,1
0.562,0.25,0.188,0.45,0.375,0.15,-1
0.22,0.356,0.424,0.424,0.203,0.39,1
0.467,0.267,0.267,0.4,0.267,0.333,1
0.294,0.412,0.294,0.588,0.353,0.059,-1
0.298,0.474,0.228,0.544,0.298,0.228,-1
0.333,0.417,0.25,0.583,0.333,0.167,1
0.561,0.195,0.244,0.512,0.22,0.195,1
0.269,0.433,0.299,0.522,0.299,0.239,-1
0.525,0.295,0.18,0.443,0.213,0.246,1
0.333,0.333,0.333,0.417,0.25,0.333,1
0.351,0.405,0.243,0.378,0.351,0.216,-1
0.548,0.194,0.258,0.333,0.366,0.215,1
0.662,0.231,0.108,0.477,0.446,0.046,-1
0.42,0.14,0.44,0.4,0.48,0.16,-1
0.333,0.4,0.267,0.533,0,0.267,-1
0.38,0.32,0.3,0.44,0.3,0.2,-1
0.45,0.35,0.2,0.5,0.25,0.25,1
0.365,0.257,0.378,0.419,0.338,0.216,1
0.346,0.41,0.244,0.513,0.205,0.282,1
0.429,0.338,0.234,0.494,0.221,0.312,-1
0.389,0.256,0.356,0.544,0.2,0.267,-1
0.519,0.269,0.212,0.288,0.462,0.25,1
0.5,0.317,0.183,0.488,0.293,0.183,-1
0.288,0.327,0.385,0.423,0.327,0.25,1
0.407,0.333,0.259,0.407,0.204,0.315,1
0.544,0.298,0.158,0.421,0.386,0.14,1
0.352,0.444,0.204,0.556,0.167,0.259,-1
0.231,0.481,0.288,0.481,0.269,0.308,1
0.354,0.329,0.316,0.443,0.304,0.291,-1
0.513,0.231,0.256,0.41,0.41,0.179,-1
0.31,0.405,0.286,0.476,0.262,0.262,-1
0.457,0.326,0.217,0.348,0.293,0.326,1
0.432,0.316,0.253,0.4,0.295,0.274,-1
0.542,0.25,0.208,0.396,0.375,0.167,1
0.455,0.295,0.25,0.386,0.386,0.216,-1
0.295,0.386,0.318,0.523,0.25,0.182,1
0.327,0.455,0.218,0.455,0.273,0.273,1
0.933,0,0.067,0.667,0,0.067,-1
0.51,0.235,0.255,0.392,0.333,0.196,-1
0.475,0.35,0.175,0.375,0.35,0.25,-1
0.231,0.538,0.231,0.538,0.308,0.231,-1
0.392,0.275,0.333,0.451,0.373,0.157,-1
0.442,0.337,0.221,0.453,0.314,0.233,-1
0.444,0.556,0,0.5,0.167,0.278,-1
0.34,0.36,0.3,0.48,0.28,0.24,-1
0.552,0.23,0.218,0.391,0.345,0.207,1
0.355,0.258,0.387,0.629,0.194,0.161,-1
0.362,0.362,0.277,0.447,0.149,0.255,1
0.592,0.296,0.113,0.465,0.268,0.169,-1
0.707,0.268,0.024,0.512,0.439,0.024,-1
0.295,0.5,0.205,0.545,0.25,0.273,-1
0.533,0.222,0.244,0.378,0.444,0.133,-1
0.387,0.419,0.194,0.339,0.306,0.339,-1
0.46,0.24,0.3,0.42,0.38,0.22,-1
0.607,0.213,0.18,0.41,0.295,0.23,-1
0.333,0.133,0.533,0.467,0.4,0,1
0.406,0.333,0.261,0.536,0.232,0.203,1
0.583,0.417,0,0.667,0,0,-1
0.476,0.254,0.27,0.587,0.27,0.143,1
0.405,0.367,0.228,0.57,0.228,0.215,-1
0.552,0.207,0.241,0.431,0.414,0.172,-1
0.316,0.333,0.351,0.439,0.456,0.14,-1
0.362,0.333,0.304,0.435,0.261,0.29,1
0.472,0.292,0.236,0.438,0.281,0.202,1
0.5,0.273,0.227,0.443,0.33,0.182,1
0.294,0.373,0.333,0.471,0.275,0.235,1
0.357,0.452,0.19,0.381,0.357,0.262,-1
0.222,0.667,0.111,0.778,0.111,0,-1
0.35,0.45,0.2,0.5,0.2,0.3,1
0.596,0.247,0.157,0.393,0.36,0.146,1
0.315,0.382,0.303,0.393,0.303,0.326,-1
0.364,0.341,0.295,0.477,0.205,0.227,1
0.373,0.507,0.119,0.806,0.09,0.119,-1
0.286,0.476,0.238,0.524,0.095,0.143,-1
0.929,0.071,0,0.5,0.286,0.071,-1
0.591,0.152,0.258,0.409,0.394,0.152,-1
0.321,0.208,0.472,0.604,0.208,0.226,-1
0.362,0.383,0.255,0.489,0.213,0.213,1
0.488,0.3,0.212,0.512,0.35,0.112,1
0.524,0.256,0.22,0.366,0.415,0.22,-1
0.5,0.152,0.348,0.587,0.348,0.065,-1
0.5,0.4,0.1,0.4,0.3,0.3,1
0.381,0.31,0.31,0.405,0.381,0.238,-1
0.5,0.25,0.25,0.375,0.422,0.172,-1
0.211,0.105,0.684,0.263,0.474,0.421,1
0.491,0.263,0.246,0.421,0.316,0.246,1
0.852,0.074,0.074,0.185,0.481,0,1
0.556,0.444,0,0.444,0.222,0.111,-1
0.476,0.333,0.19,0.405,0.321,0.202,1
0.579,0.211,0.211,0.474,0.333,0.123,-1
0.423,0.352,0.225,0.479,0.338,0.197,-1
0.423,0.366,0.211,0.606,0.155,0.211,1
0.529,0.176,0.294,0.49,0.176,0.216,-1
0.488,0.325,0.188,0.425,0.35,0.225,1
0.478,0.203,0.319,0.333,0.362,0.348,-1
0.396,0.375,0.229,0.438,0.354,0.188,-1
0.558,0.25,0.192,0.346,0.385,0.212,1
0.491,0.189,0.321,0.358,0.415,0.208,1
0.19,0.381,0.429,0.429,0.429,0.333,1
0.28,0.28,0.441,0.43,0.194,0.366,1
0.433,0.328,0.239,0.507,0.328,0.179,-1
0.396,0.363,0.242,0.341,0.374,0.275,1
0.381,0.429,0.19,0.571,0.143,0.048,-1
0.383,0.333,0.283,0.467,0.233,0.267,1
0.356,0.288,0.356,0.458,0.203,0.288,1
0.457,0.42,0.123,0.494,0.198,0.296,-1
0.301,0.28,0.419,0.452,0.323,0.247,-1
0.6,0.215,0.185,0.338,0.323,0.262,1
0.405,0.284,0.311,0.378,0.365,0.203,1
0.512,0.226,0.262,0.381,0.464,0.155,-1
0.222,0.414,0.364,0.434,0.293,0.293,-1
0.466,0.26,0.274,0.521,0.301,0.151,-1
0.3,0.457,0.243,0.543,0.257,0.186,-1
0.524,0.19,0.286,0.143,0.286,0.429,1
0.451,0.314,0.235,0.471,0.314,0.216,-1
0.392,0.333,0.275,0.431,0.294,0.235,-1
0.545,0.152,0.303,0.439,0.273,0.242,-1
0.369,0.477,0.154,0.462,0.292,0.277,-1
0.566,0.211,0.224,0.487,0.329,0.158,-1
0.394,0.409,0.197,0.485,0.273,0.242,-1
0.383,0.319,0.298,0.362,0.191,0.319,1
0.438,0.25,0.312,0.412,0.4,0.212,-1
0.327,0.449,0.224,0.429,0.367,0.194,1
0.182,0.545,0.273,0.545,0.273,0.182,1
0.6,0.267,0.133,0.267,0.6,0.2,1
0.556,0.222,0.222,0.444,0.222,0.222,-1
0.405,0.311,0.284,0.378,0.284,0.284,1
0.188,0.562,0.25,0.406,0.094,0.531,-1
0.545,0.227,0.227,0.318,0.477,0.136,1
0.386,0.273,0.341,0.432,0.364,0.205,1
0.2,0.533,0.267,0.533,0.2,0.333,1
0.25,0.5,0.25,0.5,0.268,0.268,-1
0.348,0.333,0.318,0.379,0.242,0.333,-1
0.283,0.413,0.304,0.457,0.239,0.239,1
0.484,0.28,0.237,0.419,0.333,0.183,-1
0.699,0.137,0.164,0.356,0.384,0.192,1
0.333,0.451,0.216,0.431,0.333,0.235,-1
0.518,0.304,0.179,0.357,0.482,0.161,-1
0.524,0.286,0.19,0.349,0.365,0.27,1
0.368,0.421,0.211,0.474,0.211,0.316,1
0.525,0.271,0.203,0.424,0.237,0.271,1
0.533,0.283,0.183,0.65,0.167,0.183,-1
0.38,0.36,0.26,0.44,0.32,0.22,-1
0.377,0.442,0.182,0.481,0.286,0.247,-1
0.719,0.156,0.125,0.375,0.375,0.156,1
0.361,0.344,0.295,0.492,0.328,0.18,1
0.632,0.211,0.158,0.316,0.421,0.263,-1
0.389,0.25,0.361,0.389,0.194,0.278,1
0.302,0.279,0.419,0.419,0.395,0.209,1
0.481,0.25,0.269,0.288,0.346,0.288,1
0.75,0.083,0.167,0.5,0.333,0.083,1
0.231,0.365,0.404,0.481,0.308,0.269,1
0.875,0.062,0.062,0.688,0.188,0.062,-1
0.261,0.261,0.478,0.304,0.435,0.457,-1
0.6,0.25,0.15,0.75,0.25,0.1,-1
0.098,0.294,0.608,0.647,0.098,0.275,-1
0.471,0.247,0.282,0.424,0.388,0.188,-1
0.452,0.323,0.226,0.398,0.226,0.29,-1
0.482,0.341,0.176,0.388,0.365,0.2,1
0.5,0.35,0.15,0.55,0,0.35,1
0.684,0.211,0.105,0.368,0.526,0,-1
0.457,0.348,0.196,0.587,0.261,0.109,1
0.48,0.32,0.2,0.56,0.12,0.24,1
0.308,0.385,0.308,0.462,0.231,0.385,1
0.455,0.182,0.364,0.727,0.227,0.091,-1
0.414,0.31,0.276,0.345,0.345,0.276,1
0.259,0.463,0.278,0.574,0.241,0.185,-1
0.333,0.389,0.278,0.458,0.319,0.278,1
0.442,0.302,0.256,0.581,0.209,0.14,-1
0.725,0.15,0.125,0.325,0.4,0.1,1
0.667,0.278,0.056,0.5,0.444,0.111,1
0.438,0.333,0.229,0.333,0.333,0.312,1
0.5,0.5,0,0.5,0.083,0,-1
0.4,0.343,0.257,0.457,0.286,0.243,-1
0.38,0.34,0.28,0.44,0.32,0.18,-1
0.339,0.29,0.371,0.387,0.371,0.21,-1
0.362,0.383,0.255,0.468,0.213,0.234,1
0.339,0.452,0.21,0.548,0.258,0.21,-1
0.5,0.326,0.174,0.349,0.349,0.244,1
0.406,0.344,0.25,0.479,0.219,0.302,-1
0.513,0.269,0.218,0.397,0.359,0.205,1
0.308,0.462,0.231,0.538,0.308,0.231,-1
0.556,0.222,0.222,0.478,0.289,0.144,-1
0.339,0.407,0.254,0.508,0.203,0.339,-1
0.528,0.258,0.213,0.404,0.281,0.258,1
0.353,0.329,0.318,0.318,0.424,0.294,-1
0.263,0.232,0.505,0.389,0.347,0.305,-1
0.778,0.111,0.111,0.222,0.222,0.333,1
0.474,0.211,0.316,0.579,0.289,0.105,1
0.391,0.333,0.275,0.406,0.29,0.246,-1
0.341,0.409,0.25,0.591,0.318,0.091,-1
0.375,0.625,0,0.625,0.125,0,-1
0.38,0.36,0.26,0.46,0.24,0.24,-1
0.432,0.27,0.297,0.622,0.216,0.108,-1
0.44,0.308,0.253,0.363,0.319,0.286,1
0.477,0.349,0.174,0.419,0.384,0.198,1
0.541,0.276,0.184,0.337,0.388,0.235,1
0.389,0.352,0.259,0.407,0.259,0.296,-1
0.594,0.125,0.281,0.375,0.297,0.25,1
0.418,0.364,0.218,0.436,0.382,0.2,1
0.541,0.271,0.188,0.353,0.329,0.259,1
0.615,0.212,0.173,0.365,0.365,0.212,1
0.29,0.355,0.355,0.387,0.419,0.323,1
0.4,0.28,0.32,0.44,0.36,0.32,1
0.344,0.377,0.279,0.459,0.295,0.213,-1
0.414,0.172,0.414,0.431,0.293,0.276,-1
0.482,0.321,0.196,0.411,0.286,0.214,1
0.422,0.344,0.234,0.484,0.172,0.281,1
0.519,0.316,0.165,0.367,0.38,0.228,1
0.283,0.396,0.321,0.528,0.302,0.17,1
0.537,0.244,0.22,0.366,0.439,0.098,-1
0.333,0.429,0.238,0.405,0.333,0.262,-1
0.5,0.35,0.15,0.6,0,0.3,1
0.404,0.404,0.191,0.489,0.319,0.191,1
0.254,0.06,0.687,0.403,0.119,0.313,-1
0.506,0.306,0.188,0.306,0.376,0.259,1
0.386,0.386,0.229,0.586,0.257,0.171,-1
0.508,0.292,0.2,0.385,0.308,0.2,1
0.5,0.286,0.214,0.643,0.286,0.071,-1
0.478,0.217,0.304,0.391,0.283,0.217,-1
0.5,0.293,0.207,0.397,0.328,0.207,1
0.539,0.236,0.225,0.427,0.27,0.202,1
0.36,0.34,0.3,0.46,0.34,0.16,-1
0.643,0.179,0.179,0.286,0.411,0.268,-1
0.778,0.167,0.056,0.5,0.278,0.056,-1
0.463,0.171,0.366,0.585,0.341,0.073,-1
0.444,0.556,0,0.444,0.111,0.111,-1
0.453,0.302,0.245,0.415,0.377,0.226,-1
0.2,0.44,0.36,0.44,0.16,0.28,1
0.389,0.375,0.236,0.486,0.153,0.306,1
0.431,0.31,0.259,0.328,0.379,0.276,1
0.75,0.25,0,0.5,0,0,-1
0.38,0.34,0.28,0.44,0.34,0.2,-1
0.377,0.34,0.283,0.472,0.283,0.208,-1
0.439,0.329,0.232,0.439,0.244,0.317,1
0.507,0.246,0.246,0.406,0.406,0.232,-1
0.75,0.25,0,0.5,0.5,0,-1
0.536,0.274,0.19,0.381,0.321,0.214,1
0.385,0.341,0.275,0.462,0.319,0.22,-1
0.411,0.295,0.295,0.505,0.221,0.253,-1
0.325,0.416,0.26,0.506,0.182,0.312,1
0.415,0.34,0.245,0.447,0.202,0.277,1
0.411,0.482,0.107,0.571,0.25,0.179,-1
0.295,0.41,0.295,0.459,0.279,0.295,1
0.75,0,0.25,0.25,0.625,0.25,-1
0.568,0.27,0.162,0.324,0.27,0.216,1
0.518,0.282,0.2,0.329,0.365,0.259,1
0.308,0.462,0.231,0.462,0.385,0.231,-1
0.651,0.233,0.116,0.512,0.326,0.093,-1
0.381,0.369,0.25,0.488,0.262,0.238,-1
0.293,0.414,0.293,0.466,0.276,0.241,1
0.367,0.367,0.267,0.4,0.417,0.233,-1
0.353,0.333,0.314,0.49,0.314,0.196,1
0.386,0.33,0.284,0.511,0.159,0.284,-1
0.518,0.286,0.196,0.482,0.339,0.179,1
0.722,0.111,0.167,0.333,0.556,0.111,-1
0.25,0.4,0.35,0.55,0.175,0.275,1
0.57,0.18,0.25,0.33,0.35,0.23,1
0.464,0.289,0.247,0.361,0.371,0.278,1
0.457,0.259,0.284,0.42,0.333,0.21,1
0.222,0.667,0.111,0.556,0.222,0.333,1
0.488,0.28,0.232,0.488,0.268,0.146,1
0.667,0.278,0.056,0.5,0.444,0.111,1
0.583,0.417,0,0.667,0,0.083,-1
0.469,0.306,0.224,0.367,0.306,0.204,1
0.48,0.32,0.2,0.56,0.12,0.24,-1
0.432,0.284,0.284,0.4,0.316,0.232,-1
0.505,0.28,0.215,0.452,0.366,0.172,1
0.613,0.161,0.226,0.355,0.516,0.129,-1
0.818,0.136,0.045,0.227,0.273,0.136,1
0.636,0.182,0.182,0.348,0.394,0.212,1
0.696,0.087,0.217,0.174,0.261,0.435,1
0.397,0.276,0.328,0.5,0.328,0.138,1
0.46,0.317,0.222,0.317,0.381,0.286,-1
0.5,0.375,0.125,0.438,0.312,0.125,-1
0.417,0.312,0.271,0.552,0.26,0.198,-1
0.319,0.383,0.298,0.383,0.298,0.234,1
0.386,0.25,0.364,0.386,0.341,0.239,1
0.375,0.284,0.341,0.398,0.432,0.227,-1
0.234,0.362,0.404,0.383,0.426,0.383,-1
0.393,0.328,0.279,0.426,0.361,0.197,1
0.485,0.278,0.237,0.381,0.392,0.216,1
0.306,0.371,0.323,0.355,0.339,0.306,1
0.383,0.362,0.255,0.489,0.298,0.213,-1
0.413,0.283,0.304,0.587,0.304,0.087,-1
0.258,0.242,0.5,0.435,0.29,0.242,-1
0.44,0.286,0.275,0.374,0.297,0.286,1
0.345,0.448,0.207,0.483,0.103,0.241,1
0.317,0.433,0.25,0.467,0.317,0.267,-1
0.319,0.404,0.277,0.383,0.34,0.277,-1
0.42,0.377,0.203,0.507,0.261,0.261,-1
0.541,0.243,0.216,0.459,0.27,0.162,1
0.268,0.482,0.25,0.679,0.143,0.214,-1
0.317,0.383,0.3,0.517,0.267,0.217,1
0.417,0.375,0.208,0.604,0.26,0.115,-1
0.455,0.242,0.303,0.576,0.242,0.182,-1
0.323,0.452,0.226,0.516,0.21,0.274,-1
0.361,0.458,0.181,0.5,0.292,0.278,-1
0,0.833,0.167,0.667,0.167,0.333,1
0.667,0.333,0,0.583,0.083,0,-1
0.5,0.417,0.083,0.583,0.083,0.083,-1
0.405,0.297,0.297,0.459,0.324,0.243,-1
0.233,0.556,0.211,0.678,0.089,0.244,-1
0.612,0.224,0.163,0.265,0.449,0.224,1
0.591,0.273,0.136,0.5,0.273,0.159,-1
0.385,0.308,0.308,0.346,0.346,0.269,-1
0.509,0.255,0.236,0.291,0.382,0.255,1
0.595,0.243,0.162,0.432,0.27,0.135,1
0.343,0.429,0.229,0.457,0.2,0.286,1
0.27,0.381,0.349,0.476,0.333,0.19,1
0.583,0.333,0.083,0.667,0,0,-1
0.436,0.345,0.218,0.436,0.327,0.218,-1
0.444,0.302,0.254,0.397,0.413,0.19,-1
0.392,0.333,0.275,0.431,0.294,0.235,-1
0.2,0.114,0.686,0.629,0.057,0.314,1
0.617,0.17,0.213,0.34,0.234,0.213,1
0.341,0.273,0.386,0.432,0.42,0.227,-1
0.54,0.26,0.2,0.47,0.3,0.17,1
0.5,0.417,0.083,0.75,0,0,-1
0.314,0.357,0.329,0.457,0.286,0.229,-1
0.312,0.344,0.344,0.469,0.344,0.172,-1
0.366,0.341,0.293,0.61,0.146,0.293,-1
0.638,0.17,0.191,0.34,0.277,0.213,1
0.541,0.324,0.135,0.405,0.243,0.135,1
0.6,0.133,0.267,0.267,0.222,0.267,1
0.339,0.357,0.304,0.393,0.393,0.232,1
0.594,0.125,0.281,0.281,0.359,0.297,1
0.564,0.269,0.167,0.397,0.372,0.192,1
0.6,0.2,0.2,0.4,0.333,0.133,1
0.431,0.354,0.215,0.431,0.308,0.185,1
0.505,0.263,0.232,0.442,0.326,0.211,1
0.418,0.403,0.179,0.522,0.269,0.239,-1
0.485,0.212,0.303,0.576,0.242,0.182,-1
0.371,0.351,0.278,0.423,0.278,0.351,-1
0.506,0.282,0.212,0.412,0.353,0.165,1
0.417,0.5,0.083,0.5,0,0.083,-1
0.368,0.368,0.263,0.5,0.145,0.303,1
0.667,0.188,0.146,0.292,0.271,0.271,1
0.474,0.263,0.263,0.553,0.289,0.132,1
0.431,0.448,0.121,0.586,0.293,0.121,-1
0.638,0.17,0.191,0.362,0.191,0.213,1
0.629,0.226,0.145,0.306,0.339,0.226,1
0.824,0.059,0.118,0.235,0.294,0.059,-1
0.636,0.159,0.205,0.341,0.205,0.25,1
0.455,0.182,0.364,0.364,0.455,0.364,-1
0.457,0.283,0.261,0.326,0.283,0.293,1
0.5,0.417,0.083,0.5,0.25,0.083,1
0.511,0.149,0.34,0.362,0.319,0.255,-1
0.525,0.262,0.213,0.443,0.23,0.23,1
0.488,0.14,0.372,0.558,0.349,0.093,-1
0.525,0.197,0.279,0.328,0.361,0.262,1
0.38,0.366,0.254,0.592,0.197,0.169,1
0.388,0.408,0.204,0.49,0.347,0.204,1
0.413,0.304,0.283,0.359,0.457,0.185,-1
0.458,0.337,0.205,0.446,0.349,0.169,-1
0.402,0.337,0.261,0.402,0.25,0.304,1
0.43,0.323,0.247,0.419,0.258,0.29,1
0.224,0.449,0.327,0.408,0.306,0.306,1
0.725,0.15,0.125,0.35,0.4,0.125,1
0.565,0.174,0.261,0.304,0.261,0.261,1
0.511,0.272,0.217,0.402,0.261,0.315,1
0.833,0.083,0.083,0.75,0,0.083,-1
0.283,0.348,0.37,0.391,0.261,0.326,-1
0.37,0.217,0.413,0.717,0.239,0.087,-1
0.541,0.311,0.148,0.393,0.295,0.23,1
0.42,0.273,0.307,0.466,0.216,0.273,1
0.281,0.438,0.281,0.562,0.188,0.188,-1
0.3,0.42,0.28,0.46,0.38,0.22,1
0.328,0.31,0.362,0.414,0.379,0.224,1
0.5,0.5,0,0.5,0,0,-1
0.431,0.333,0.235,0.51,0.255,0.137,-1
0.56,0.29,0.15,0.44,0.35,0.2,1
0.344,0.406,0.25,0.438,0.125,0.281,1
0.404,0.372,0.223,0.479,0.245,0.33,-1
0.611,0.211,0.178,0.422,0.356,0.156,1
0.622,0.189,0.189,0.389,0.333,0.133,1
0.473,0.352,0.176,0.462,0.198,0.231,1
0.611,0.167,0.222,0.5,0.167,0.111,-1
0.634,0.22,0.146,0.537,0.317,0.073,-1
0.36,0.36,0.28,0.46,0.36,0.16,-1
0.321,0.345,0.333,0.405,0.238,0.321,-1
0.261,0.413,0.326,0.435,0.217,0.348,-1
0.518,0.306,0.176,0.412,0.318,0.165,1
0.56,0.27,0.17,0.45,0.34,0.15,1
0.328,0.443,0.23,0.361,0.295,0.344,-1
0.34,0.283,0.377,0.396,0.396,0.245,-1
0.36,0.36,0.28,0.46,0.3,0.18,-1
0.614,0.193,0.193,0.409,0.239,0.227,1
0.333,0.333,0.333,0.396,0.375,0.229,1
0.418,0.309,0.273,0.418,0.255,0.2,1
0.506,0.318,0.176,0.376,0.306,0.235,1
0.447,0.319,0.234,0.447,0.298,0.234,-1
0.414,0.314,0.271,0.543,0.243,0.2,-1
0.36,0.36,0.28,0.48,0.3,0.2,1
0.533,0.267,0.2,0.333,0.333,0.2,-1
0,0.833,0.167,0.667,0.167,0.333,1
0.415,0.321,0.264,0.415,0.396,0.189,-1
0.333,0.667,0,0.833,0,0.167,-1
0.647,0.206,0.147,0.5,0.441,0,-1
0.556,0.444,0,0.556,0.222,0.111,-1
0.333,0.373,0.294,0.471,0.314,0.216,1
0.673,0.25,0.077,0.404,0.442,0.077,-1
0.461,0.326,0.213,0.472,0.337,0.18,-1
0.415,0.283,0.302,0.396,0.396,0.245,1
0.473,0.297,0.231,0.385,0.308,0.275,1
0.302,0.381,0.317,0.317,0.349,0.27,1
0.474,0.321,0.205,0.474,0.269,0.141,1
0.349,0.395,0.256,0.581,0.14,0.209,-1
0.283,0.45,0.267,0.5,0.317,0.233,-1
0.486,0.243,0.27,0.486,0.405,0.081,-1
0.25,0.386,0.364,0.523,0.25,0.182,1
0.509,0.264,0.226,0.472,0.321,0.17,1
0.646,0.188,0.167,0.312,0.229,0.25,1
0.3,0.35,0.35,0.45,0.3,0.25,1
0.238,0.524,0.238,0.524,0.143,0.143,-1
0.459,0.279,0.262,0.443,0.279,0.213,-1
0.442,0.256,0.302,0.372,0.395,0.186,-1
0.41,0.34,0.25,0.39,0.31,0.3,-1
0.412,0.333,0.255,0.412,0.294,0.255,-1
0.32,0.36,0.32,0.5,0.28,0.22,1
0.233,0.367,0.4,0.5,0.25,0.283,-1
0.415,0.34,0.245,0.453,0.34,0.17,-1
0.6,0.267,0.133,0.289,0.311,0.267,1
0.352,0.319,0.33,0.527,0.231,0.253,-1
0.474,0.368,0.158,0.474,0.211,0.263,1
0.547,0.226,0.226,0.34,0.415,0.245,1
0.379,0.379,0.241,0.534,0.224,0.224,-1
0.282,0.462,0.256,0.385,0.308,0.282,-1
0.264,0.514,0.222,0.458,0.236,0.361,-1
0.407,0.426,0.167,0.5,0.259,0.259,-1
0.6,0.18,0.22,0.35,0.33,0.2,1
0.391,0.422,0.188,0.516,0.234,0.25,-1
0.525,0.242,0.232,0.434,0.333,0.172,1
0.312,0.375,0.312,0.297,0.406,0.422,-1
0.537,0.284,0.179,0.433,0.343,0.164,-1
0.364,0.364,0.273,0.515,0.182,0.273,-1
0.522,0.261,0.217,0.377,0.377,0.203,1
0.403,0.325,0.273,0.312,0.364,0.351,-1
0.368,0.382,0.25,0.426,0.279,0.25,-1
0.455,0.394,0.152,0.545,0.242,0.061,-1
0.476,0.345,0.179,0.476,0.333,0.155,-1
0.532,0.291,0.177,0.354,0.392,0.228,1
0.353,0.353,0.294,0.49,0.314,0.196,1
0.627,0.216,0.157,0.275,0.275,0.275,1
0.208,0.472,0.321,0.415,0.283,0.302,1
0.226,0.358,0.415,0.472,0.321,0.189,1
0.444,0.222,0.333,0.407,0.389,0.222,-1
0.412,0.294,0.294,0.373,0.392,0.255,-1
0.388,0.327,0.286,0.449,0.286,0.224,1
0.489,0.133,0.378,0.556,0.356,0.089,-1
0.214,0.381,0.405,0.548,0.19,0.262,-1
0.38,0.4,0.22,0.46,0.3,0.2,1
0.414,0.345,0.241,0.621,0.103,0.31,1
0.466,0.364,0.17,0.42,0.341,0.159,-1
0.417,0.417,0.167,0.583,0.25,0.167,-1
0.479,0.282,0.239,0.394,0.338,0.211,-1
0.453,0.344,0.203,0.344,0.328,0.312,-1
0.215,0.508,0.277,0.538,0.277,0.277,-1
0.415,0.341,0.244,0.463,0.268,0.22,-1
0.583,0.417,0,0.667,0,0,-1
0.492,0.238,0.27,0.587,0.254,0.143,1
0.448,0.259,0.293,0.345,0.31,0.293,1
0.667,0.278,0.056,0.5,0.389,0.111,1
0.383,0.383,0.234,0.404,0.149,0.319,1
0.365,0.318,0.318,0.353,0.365,0.294,1
0.25,0.429,0.321,0.446,0.268,0.25,1
0.38,0.36,0.26,0.44,0.3,0.22,-1
0.465,0.282,0.254,0.451,0.197,0.225,1
0.68,0.12,0.2,0.16,0.24,0.44,1
0.448,0.345,0.207,0.621,0.103,0.31,1
0.479,0.302,0.219,0.417,0.312,0.229,1
0.5,0.279,0.221,0.456,0.382,0.147,-1
0.333,0.354,0.312,0.562,0.229,0.146,1
0.5,0.36,0.14,0.5,0.24,0.16,-1
0.596,0.212,0.192,0.327,0.385,0.231,1
0.317,0.381,0.302,0.444,0.413,0.175,1
0.529,0.176,0.294,0.235,0.588,0.353,1
0.396,0.358,0.245,0.472,0.321,0.17,-1
0.234,0.391,0.375,0.406,0.312,0.25,1
0.333,0.222,0.444,0.111,0.444,0.111,-1
0.4,0.309,0.291,0.418,0.218,0.273,1
0.433,0.299,0.268,0.536,0.206,0.186,-1
0.377,0.358,0.264,0.472,0.34,0.151,-1
0.34,0.34,0.32,0.46,0.3,0.26,1
0.377,0.333,0.29,0.464,0.29,0.232,-1
0.533,0.2,0.267,0.4,0.533,0,1
0.436,0.309,0.255,0.489,0.287,0.149,-1
0.478,0.418,0.104,0.478,0.358,0.149,-1
0.34,0.472,0.189,0.509,0.226,0.264,-1
0.469,0.281,0.25,0.5,0.203,0.25,-1
0.214,0.643,0.143,0.571,0.214,0.286,1
0.5,0.275,0.225,0.325,0.4,0.238,1
0.443,0.271,0.286,0.329,0.486,0.257,1
0.5,0.218,0.282,0.308,0.372,0.269,1
0.4,0.308,0.292,0.585,0.215,0.215,1
0.397,0.359,0.244,0.41,0.231,0.359,-1
0.561,0.244,0.195,0.585,0.146,0.122,-1
0.324,0.324,0.351,0.392,0.311,0.27,-1
0.273,0.386,0.341,0.523,0.227,0.182,1
0.455,0.242,0.303,0.455,0.364,0.182,1
0.532,0.291,0.177,0.342,0.405,0.228,1
0.5,0.389,0.111,0.389,0.278,0.167,-1
0.511,0.244,0.244,0.378,0.422,0.089,-1
0.312,0.562,0.125,0.625,0.125,0.125,1
0.404,0.298,0.298,0.368,0.404,0.263,1
0.56,0.2,0.24,0.39,0.27,0.26,1
0.333,0.583,0.083,0.5,0,0.25,1
0.485,0.268,0.247,0.351,0.34,0.289,1
0.4,0.333,0.267,0.333,0.333,0.2,1
0.375,0.361,0.264,0.403,0.347,0.292,1
0.4,0.4,0.2,0.6,0.1,0.333,1
0.404,0.277,0.319,0.489,0.255,0.128,1
0.373,0.333,0.294,0.471,0.314,0.216,1
0.44,0.274,0.286,0.464,0.262,0.179,1
0.38,0.34,0.28,0.44,0.32,0.2,-1
0.407,0.373,0.22,0.458,0.322,0.271,-1
0.38,0.34,0.28,0.44,0.34,0.18,-1
0.515,0.212,0.273,0.333,0.439,0.212,-1
0.321,0.37,0.309,0.383,0.272,0.395,1
0.368,0.263,0.368,0.368,0.421,0.316,-1
0.212,0.423,0.365,0.481,0.327,0.154,1
0.596,0.212,0.192,0.346,0.365,0.212,1
0.578,0.172,0.25,0.328,0.328,0.312,1
0.367,0.417,0.217,0.433,0.317,0.283,-1
1,0,0,0.571,0.429,0,1
0.367,0.289,0.344,0.533,0.156,0.3,-1
0.541,0.311,0.148,0.525,0.197,0.18,1
0.383,0.277,0.34,0.468,0.298,0.234,-1
0.591,0.227,0.182,0.568,0.295,0.068,-1
0.405,0.286,0.31,0.429,0.381,0.214,-1
0.421,0.368,0.211,0.474,0.263,0.263,1
0.429,0.27,0.302,0.476,0.317,0.206,-1
0.5,0.35,0.15,0.517,0.25,0.2,-1
0.305,0.339,0.356,0.356,0.305,0.305,-1
0.667,0.133,0.2,0.467,0.4,0.2,1
0.583,0.333,0.083,0.667,0,0,-1
0.556,0.333,0.111,0.389,0.333,0.111,-1
0.2,0.4,0.4,0.3,0.4,0.2,1
0.266,0.344,0.391,0.422,0.297,0.328,1
0.265,0.388,0.347,0.51,0.286,0.224,1
0.474,0.211,0.316,0.404,0.404,0.193,-1
0.414,0.241,0.345,0.448,0.264,0.184,1
0.314,0.451,0.235,0.412,0.294,0.314,1
0.414,0.31,0.276,0.328,0.345,0.276,1
0.514,0.27,0.216,0.473,0.324,0.176,-1
0.429,0.286,0.286,0.429,0.214,0.357,1
0.446,0.293,0.261,0.435,0.315,0.25,1
0.426,0.296,0.278,0.444,0.241,0.241,-1
0.46,0.28,0.26,0.4,0.4,0.1,-1
0.75,0.107,0.143,0.536,0.214,0.143,-1
0.512,0.274,0.214,0.512,0.19,0.25,-1
0.55,0.24,0.21,0.38,0.31,0.21,1
0.36,0.465,0.174,0.558,0.14,0.314,-1
0.321,0.304,0.375,0.304,0.375,0.25,1
0.5,0.5,0,0.583,0,0.083,-1
0.5,0.276,0.224,0.388,0.286,0.276,1
0.467,0.333,0.2,0.467,0.2,0.2,1
0.579,0.14,0.281,0.193,0.456,0.211,-1
0.612,0.265,0.122,0.449,0.429,0.061,-1
0.5,0.35,0.15,0.6,0,0.3,1
0.5,0.304,0.196,0.37,0.413,0.217,-1
0.413,0.326,0.261,0.37,0.152,0.326,-1
0.419,0.301,0.28,0.376,0.28,0.237,1
0.358,0.358,0.283,0.434,0.358,0.189,-1
0.327,0.404,0.269,0.519,0.231,0.212,1
0.606,0.222,0.172,0.414,0.283,0.192,1
0.279,0.372,0.349,0.558,0.209,0.186,-1
0.373,0.294,0.333,0.431,0.294,0.314,-1
0.292,0.462,0.246,0.585,0.169,0.262,-1
0.543,0.255,0.202,0.426,0.372,0.181,1
0.412,0.338,0.25,0.462,0.3,0.262,-1
0.463,0.313,0.224,0.418,0.254,0.209,1
0.583,0.333,0.083,0.417,0.25,0.167,1
0.418,0.337,0.245,0.49,0.214,0.265,-1
0.353,0.412,0.235,0.529,0.176,0.294,1
0.383,0.346,0.272,0.444,0.346,0.235,-1
0.418,0.276,0.306,0.398,0.296,0.235,1
0.439,0.316,0.245,0.449,0.276,0.265,-1
0.413,0.333,0.254,0.587,0.175,0.206,-1
0.512,0.288,0.2,0.375,0.4,0.2,1
0.407,0.36,0.233,0.36,0.349,0.256,1
0.556,0.289,0.156,0.433,0.344,0.2,-1
0.368,0.368,0.263,0.579,0.211,0.263,-1
0.345,0.333,0.322,0.414,0.31,0.253,1
0.455,0.295,0.25,0.409,0.205,0.25,-1
0.568,0.27,0.162,0.351,0.27,0.162,1
0.385,0.308,0.308,0.385,0.308,0.308,1
0.5,0.5,0,0.5,0.167,0,-1
0.494,0.296,0.21,0.432,0.272,0.21,1
0.42,0.34,0.24,0.46,0.28,0.24,1
0.474,0.263,0.263,0.684,0.053,0.211,-1
0.538,0.269,0.192,0.385,0.365,0.192,1
0.384,0.343,0.273,0.525,0.192,0.253,-1
0.381,0.381,0.238,0.524,0.143,0.095,-1
0.4,0.4,0.2,0.6,0.255,0.182,-1
0.529,0.271,0.2,0.414,0.329,0.171,-1
0.392,0.378,0.23,0.405,0.392,0.189,1
0.435,0.333,0.232,0.536,0.188,0.217,1
0.426,0.333,0.241,0.352,0.426,0.241,-1
0.581,0.233,0.186,0.419,0.349,0.186,-1
0.26,0.36,0.38,0.48,0.26,0.26,1
0.585,0.208,0.208,0.34,0.415,0.189,1
0.328,0.393,0.279,0.525,0.295,0.23,-1
0.567,0.211,0.222,0.411,0.322,0.211,1
1,0,0,0.5,0.4,0,-1
0.541,0.351,0.108,0.378,0.378,0.162,1
0.5,0.217,0.283,0.326,0.38,0.217,1
0.52,0.2,0.28,0.34,0.26,0.26,1
0.179,0.464,0.357,0.571,0.214,0.25,1
0.301,0.323,0.376,0.516,0.204,0.29,-1
0.692,0.231,0.077,0.404,0.462,0.077,-1
0.317,0.397,0.286,0.397,0.381,0.286,-1
0.486,0.324,0.189,0.405,0.351,0.135,1
0.39,0.203,0.407,0.271,0.441,0.356,-1
0.554,0.262,0.185,0.338,0.338,0.277,1
0.382,0.327,0.291,0.436,0.345,0.255,1
0.587,0.302,0.111,0.333,0.286,0.238,1
0.327,0.4,0.273,0.4,0.364,0.309,1
0.622,0.311,0.067,0.556,0.422,0.022,-1
0.54,0.24,0.22,0.38,0.38,0.2,-1
0.286,0.524,0.19,0.524,0.19,0.095,-1
0.406,0.319,0.275,0.406,0.319,0.261,1
0.48,0.27,0.25,0.36,0.33,0.24,1
0.283,0.433,0.283,0.483,0.333,0.2,1
0.55,0.15,0.3,0.45,0.35,0.2,1
0.333,0.667,0,0.667,0.083,0,-1
0.402,0.378,0.22,0.488,0.195,0.256,1
0.467,0.2,0.333,0.267,0.533,0.2,-1
0.477,0.277,0.246,0.477,0.292,0.2,-1
0.459,0.27,0.27,0.351,0.324,0.243,1
0.349,0.333,0.317,0.444,0.317,0.206,1
0.607,0.213,0.18,0.262,0.361,0.295,1
0.439,0.306,0.255,0.48,0.235,0.235,-1
0.378,0.216,0.405,0.5,0.311,0.284,-1
0.386,0.371,0.243,0.371,0.257,0.357,-1
0.384,0.36,0.256,0.535,0.244,0.244,-1
0.667,0.333,0,0.444,0.111,0.333,-1
0.351,0.203,0.446,0.392,0.419,0.203,-1
0.419,0.355,0.226,0.339,0.339,0.274,1
0.667,0.333,0,0.667,0,0,-1
0.43,0.323,0.247,0.387,0.247,0.333,1
0.441,0.344,0.215,0.473,0.258,0.258,-1
0.35,0.417,0.233,0.6,0.233,0.15,-1
0.508,0.308,0.185,0.446,0.277,0.2,1
0.315,0.315,0.37,0.407,0.296,0.278,1
0.333,0.583,0.083,0.5,0.167,0.167,1
0.5,0.278,0.222,0.444,0.222,0.278,1
0.238,0.476,0.286,0.571,0.19,0.048,-1
0.591,0.273,0.136,0.568,0.182,0.182,-1
0.476,0.226,0.298,0.488,0.286,0.143,1
0.568,0.297,0.135,0.405,0.297,0.135,1
0.43,0.241,0.329,0.43,0.19,0.367,-1
0.583,0.417,0,0.667,0,0,-1
0.667,0.167,0.167,0.403,0.389,0.139,1
0.667,0.182,0.152,0.545,0.212,0.242,-1
0.556,0.222,0.222,0.361,0.472,0.167,-1
0.386,0.33,0.284,0.477,0.227,0.273,-1
0.455,0.159,0.386,0.318,0.341,0.386,-1
0.288,0.348,0.364,0.47,0.333,0.182,1
0.311,0.356,0.333,0.467,0.267,0.156,1
0.575,0.247,0.178,0.521,0.219,0.11,-1
0.732,0.244,0.024,0.463,0.463,0.049,-1
0.469,0.347,0.184,0.408,0.408,0.184,1
0.321,0.304,0.375,0.464,0.268,0.268,1
0.452,0.29,0.258,0.355,0.344,0.258,1
0.333,0.405,0.262,0.393,0.321,0.321,-1
0.304,0.482,0.214,0.482,0.214,0.339,-1
0.267,0.433,0.3,0.5,0.217,0.283,-1
0.298,0.386,0.316,0.456,0.333,0.246,1
0.447,0.316,0.237,0.368,0.368,0.237,1
0.532,0.234,0.234,0.362,0.372,0.191,1
0.389,0.375,0.236,0.5,0.167,0.292,1
0.5,0.417,0.083,0.75,0,0,-1
0.477,0.318,0.205,0.386,0.432,0.205,-1
0.583,0.417,0,0.583,0,0,-1
0.4,0.2,0.4,0.25,0.55,0.45,-1
0.505,0.222,0.273,0.343,0.263,0.263,1
0.348,0.283,0.37,0.543,0.174,0.261,-1
0.596,0.213,0.191,0.362,0.362,0.213,1
0.264,0.434,0.302,0.321,0.34,0.453,-1
0.385,0.462,0.154,0.538,0.308,0.154,-1
0.339,0.419,0.242,0.516,0.258,0.258,-1
0.58,0.18,0.24,0.24,0.48,0.28,-1
0.304,0.393,0.304,0.571,0.214,0.196,-1
0.426,0.255,0.319,0.447,0.298,0.17,1
0.368,0.421,0.211,0.491,0.211,0.298,-1
0.348,0.413,0.239,0.522,0.326,0.13,-1
0.338,0.338,0.324,0.451,0.352,0.169,1
0.444,0.556,0,0.444,0.111,0.111,-1
0.549,0.211,0.239,0.437,0.352,0.169,-1
0.667,0.25,0.083,0.333,0.25,0.25,1
0.596,0.231,0.173,0.269,0.385,0.25,1
0.267,0.2,0.533,0.267,0.467,0.267,1
0.421,0.474,0.105,0.526,0.211,0.158,1
0.34,0.383,0.277,0.468,0.17,0.213,1
0.359,0.359,0.281,0.422,0.297,0.266,1
0.548,0.226,0.226,0.387,0.366,0.194,-1
0.474,0.316,0.211,0.632,0.158,0.263,-1
0.51,0.255,0.235,0.367,0.388,0.214,-1
0.345,0.364,0.291,0.327,0.364,0.236,1
0.479,0.292,0.229,0.417,0.333,0.25,1
0.362,0.348,0.29,0.42,0.333,0.246,1
0.333,0.333,0.333,0.222,0.333,0.333,-1
0.385,0.338,0.277,0.415,0.323,0.292,-1
0.25,0.386,0.364,0.523,0.25,0.182,1
0.457,0.309,0.235,0.333,0.383,0.259,1
0.444,0.361,0.194,0.5,0.292,0.181,-1
0.309,0.382,0.309,0.441,0.338,0.235,1
0.549,0.235,0.216,0.275,0.314,0.314,1
0.333,0.463,0.204,0.5,0.204,0.241,-1
0.31,0.32,0.37,0.47,0.36,0.2,1
0.429,0.224,0.347,0.388,0.408,0.224,-1
0.473,0.291,0.236,0.455,0.291,0.218,-1
0.291,0.436,0.273,0.509,0.327,0.2,1
0.353,0.333,0.314,0.49,0.314,0.196,1
0.38,0.34,0.28,0.44,0.32,0.2,-1
0.284,0.343,0.373,0.358,0.358,0.284,-1
0.563,0.287,0.149,0.402,0.379,0.161,1
0.408,0.366,0.225,0.479,0.169,0.296,1
0.457,0.304,0.239,0.5,0.283,0.261,-1
0.6,0.2,0.2,0.442,0.242,0.189,1
0.667,0,0.333,0.267,0.6,0.067,1
0.245,0.469,0.286,0.347,0.367,0.327,-1
0.471,0.324,0.206,0.529,0.294,0.191,-1
0.444,0.222,0.333,0.667,0.222,0.111,1
0.25,0.75,0,0.75,0.083,0,-1
0.412,0.353,0.235,0.451,0.255,0.235,1
0.227,0.409,0.364,0.523,0.25,0.182,1
0.273,0.386,0.341,0.523,0.25,0.182,1
0.377,0.328,0.295,0.475,0.344,0.148,1
0.404,0.319,0.277,0.553,0.234,0.085,1
0.442,0.186,0.372,0.349,0.256,0.326,1
0.322,0.339,0.339,0.424,0.39,0.186,1
0.508,0.279,0.213,0.492,0.213,0.197,1
0.5,0.205,0.295,0.25,0.205,0.477,1
0.25,0.386,0.364,0.523,0.25,0.182,1
0.462,0.269,0.269,0.346,0.327,0.269,1
0.5,0.324,0.176,0.378,0.27,0.23,1
0.419,0.302,0.279,0.535,0.163,0.256,-1
0.394,0.324,0.282,0.38,0.324,0.31,1
0.333,0.556,0.111,0.556,0.222,0.333,1
0.231,0.615,0.154,0.538,0.231,0.308,1
0.54,0.19,0.27,0.33,0.29,0.3,1
0.486,0.286,0.229,0.329,0.386,0.271,1
0.284,0.343,0.373,0.358,0.373,0.284,-1
0.422,0.356,0.222,0.511,0.267,0.222,-1
0.25,0.333,0.417,0.5,0.167,0.333,1
0.273,0.394,0.333,0.318,0.394,0.303,1
0.333,0.3,0.367,0.522,0.233,0.256,-1
0.556,0.222,0.222,0.333,0.472,0.194,-1
0.383,0.319,0.298,0.362,0.191,0.319,1
0.222,0.519,0.259,0.593,0.185,0.222,-1
0.667,0,0.333,0.167,0.667,0.167,1
0.733,0.067,0.2,0.2,0.533,0.133,1
0.5,0.5,0,0.5,0.5,0,1
0.455,0.261,0.284,0.318,0.42,0.295,-1
0.652,0.348,0,0.609,0.391,0,-1
0.533,0.267,0.2,0.333,0.067,0.4,-1
0.458,0.301,0.241,0.386,0.325,0.301,1
0.347,0.319,0.333,0.389,0.292,0.319,-1
0.47,0.253,0.277,0.422,0.386,0.193,-1
0.467,0.267,0.267,0.467,0.333,0.2,1
0.214,0.5,0.286,0.571,0.214,0.286,1
0.38,0.31,0.31,0.38,0.254,0.268,1
0.5,0.269,0.231,0.308,0.269,0.231,-1
0.309,0.351,0.34,0.457,0.277,0.309,-1
0.349,0.372,0.279,0.512,0.163,0.233,-1
0.528,0.264,0.208,0.444,0.347,0.181,1
0.516,0.263,0.221,0.505,0.284,0.211,-1
0.52,0.267,0.213,0.4,0.373,0.2,-1
0.246,0.41,0.344,0.475,0.295,0.246,-1
0.556,0.247,0.198,0.543,0.272,0.111,-1
0.237,0.368,0.395,0.368,0.474,0.237,-1
0.46,0.253,0.287,0.333,0.218,0.345,1
0.231,0.615,0.154,0.538,0.231,0.308,1
0.412,0.353,0.235,0.471,0.235,0.294,1
0.714,0.214,0.071,0.357,0.357,0.143,-1
0.415,0.34,0.245,0.453,0.34,0.189,-1
0.412,0.35,0.238,0.575,0.262,0.212,-1
0.304,0.261,0.435,0.435,0.391,0.174,1
0.461,0.292,0.247,0.36,0.202,0.337,1
0.406,0.281,0.312,0.438,0.344,0.234,1
0.4,0.24,0.36,0.48,0.4,0.12,-1
0.486,0.297,0.216,0.378,0.378,0.135,1
0.42,0.16,0.42,0.34,0.46,0.24,-1
0.378,0.27,0.351,0.378,0.243,0.297,1
0.458,0.313,0.229,0.373,0.313,0.313,1
0.292,0.417,0.292,0.438,0.354,0.271,1
0.295,0.386,0.318,0.523,0.25,0.159,1
0.377,0.34,0.283,0.472,0.283,0.189,-1
0.353,0.353,0.294,0.471,0.314,0.216,1
0.368,0.456,0.175,0.526,0.263,0.228,-1
0.635,0.2,0.165,0.388,0.376,0.118,1
0.5,0.117,0.383,0.233,0.417,0.383,-1
0.368,0.439,0.193,0.509,0.211,0.263,-1
0.333,0.667,0,0.667,0.083,0,-1
0.432,0.295,0.273,0.477,0.364,0.205,-1
0.414,0.414,0.172,0.517,0.259,0.207,-1
0.45,0.3,0.25,0.575,0.2,0.125,-1
0.366,0.237,0.398,0.409,0.344,0.215,-1
0.345,0.364,0.291,0.345,0.345,0.236,1
0.425,0.287,0.287,0.322,0.322,0.322,1
0.492,0.279,0.23,0.672,0.197,0.164,-1
0.38,0.34,0.28,0.46,0.28,0.24,-1
0.483,0.207,0.31,0.276,0.379,0.31,1
0.365,0.365,0.271,0.427,0.312,0.302,-1
0.333,0.333,0.333,0.444,0.278,0.278,1
0.339,0.356,0.305,0.492,0.22,0.305,1
0.391,0.261,0.348,0.511,0.283,0.25,-1
0.383,0.319,0.298,0.362,0.191,0.319,1
0.417,0.333,0.25,0.417,0.25,0.25,1
0.389,0.361,0.25,0.417,0.306,0.167,-1
0.377,0.279,0.344,0.393,0.377,0.213,1
0.5,0.258,0.242,0.403,0.306,0.226,-1
0.361,0.319,0.319,0.403,0.389,0.25,1
0.377,0.358,0.264,0.434,0.377,0.17,-1
0.542,0.203,0.254,0.339,0.407,0.186,1
0.592,0.197,0.211,0.5,0.329,0.145,-1
0.654,0.154,0.192,0.154,0.423,0.231,1
0.231,0.462,0.308,0.538,0.231,0.308,1
0.725,0.15,0.125,0.35,0.4,0.125,1
0.552,0.207,0.241,0.345,0.362,0.224,1
0.404,0.316,0.281,0.456,0.333,0.175,1
0.433,0.283,0.283,0.433,0.3,0.2,1
0.477,0.318,0.205,0.386,0.432,0.182,-1
0.437,0.31,0.254,0.577,0.197,0.183,1
0.441,0.294,0.265,0.441,0.368,0.191,-1
0.522,0.261,0.217,0.362,0.406,0.217,1
0.333,0.333,0.333,0.588,0.216,0.157,-1
0.433,0.3,0.267,0.317,0.417,0.283,-1
0.462,0.286,0.253,0.396,0.33,0.286,1
0.474,0.421,0.105,0.579,0,0.105,-1
0.457,0.42,0.123,0.494,0.198,0.296,-1
0.529,0.118,0.353,0.765,0.118,0.059,-1
0.4,0.354,0.246,0.462,0.246,0.246,-1
0.41,0.311,0.279,0.377,0.377,0.246,1
0.543,0.223,0.234,0.5,0.255,0.191,-1
0.312,0.375,0.312,0.354,0.333,0.333,-1
0.452,0.167,0.381,0.595,0.333,0.071,-1
0.233,0.326,0.442,0.488,0.279,0.233,-1
0.56,0.19,0.25,0.38,0.34,0.18,1
0.28,0.38,0.34,0.48,0.26,0.24,1
0.536,0.071,0.393,0.571,0.357,0.071,-1
0.591,0.295,0.114,0.523,0.273,0.136,-1
0.38,0.36,0.26,0.44,0.34,0.2,-1
0.291,0.382,0.327,0.491,0.255,0.273,1
0.267,0.333,0.4,0.533,0.4,0,1
0.224,0.429,0.347,0.449,0.286,0.265,1
0.526,0.246,0.228,0.386,0.351,0.246,1
0.317,0.397,0.286,0.381,0.381,0.27,1
0.435,0.348,0.217,0.652,0.174,0.174,-1
0.268,0.366,0.366,0.561,0.171,0.22,1
0.458,0.25,0.292,0.542,0.25,0.208,-1
0.328,0.375,0.297,0.344,0.312,0.297,-1
0.412,0.176,0.412,0.294,0.235,0.412,1
0.619,0.286,0.095,0.571,0.095,0.095,-1
0.452,0.387,0.161,0.613,0.129,0.29,1
0.409,0.312,0.28,0.366,0.333,0.29,1
0.413,0.381,0.206,0.444,0.317,0.206,-1
0.396,0.358,0.245,0.453,0.321,0.264,1
0.333,0.417,0.25,0.444,0.333,0.167,-1
0.529,0.353,0.118,0.412,0.294,0.176,-1
0.417,0.375,0.208,0.472,0.208,0.319,-1
0.5,0.1,0.4,0.4,0.4,0.1,1
0.262,0.31,0.429,0.333,0.429,0.238,-1
0.5,0,0.5,0.125,0.5,0.625,-1
0.618,0.191,0.191,0.404,0.213,0.258,1
0.441,0.312,0.247,0.419,0.269,0.28,1
0.314,0.235,0.451,0.373,0.431,0.255,-1
0.517,0.217,0.267,0.317,0.333,0.367,1
0.636,0.364,0,0.545,0.273,0.091,-1
0.531,0.306,0.163,0.306,0.367,0.265,1
0.362,0.404,0.234,0.404,0.362,0.255,1
0.415,0.396,0.189,0.491,0.226,0.226,-1
0.522,0.261,0.217,0.478,0.348,0.13,-1
0.364,0.545,0.091,0.545,0.182,0.091,1
0.429,0.352,0.22,0.407,0.341,0.22,-1
0.255,0.4,0.345,0.382,0.327,0.364,1
0.547,0.267,0.187,0.44,0.307,0.187,1
0.448,0.224,0.328,0.414,0.397,0.224,-1
0.246,0.492,0.262,0.557,0.262,0.197,-1
0.5,0.5,0,0.5,0.333,0,-1
0.255,0.378,0.367,0.418,0.296,0.265,-1
0.36,0.44,0.2,0.4,0.16,0.24,1
0.548,0.238,0.214,0.357,0.476,0.167,-1
0.476,0.286,0.238,0.5,0.357,0.143,1
0.353,0.333,0.314,0.451,0.314,0.235,-1
0.24,0.4,0.36,0.44,0.26,0.22,1
0.551,0.217,0.232,0.478,0.29,0.217,-1
0.293,0.366,0.341,0.585,0.146,0.22,1
0.394,0.394,0.212,0.515,0.242,0.227,-1
0.333,0.476,0.19,0.571,0.19,0.095,-1
0.683,0.293,0.024,0.512,0.463,0.024,-1
0.547,0.244,0.209,0.36,0.395,0.174,1
0.778,0.222,0,0.444,0.222,0.111,1
0.582,0.266,0.152,0.392,0.354,0.19,-1
0.429,0.333,0.238,0.381,0.357,0.238,-1
0.473,0.327,0.2,0.418,0.309,0.218,-1
0.41,0.385,0.205,0.513,0.41,0.103,-1
0.442,0.337,0.221,0.368,0.337,0.242,1
0.394,0.394,0.212,0.47,0.318,0.227,-1
0.296,0.296,0.407,0.444,0.407,0.148,1
0.381,0.405,0.214,0.452,0.262,0.214,-1
0.412,0.353,0.235,0.333,0.431,0.196,-1
0.234,0.364,0.403,0.403,0.377,0.364,1
0.505,0.211,0.284,0.368,0.421,0.232,-1
0.323,0.468,0.21,0.548,0.226,0.226,-1
0.725,0.15,0.125,0.35,0.4,0.1,1
0.566,0.158,0.276,0.263,0.408,0.25,1
0.51,0.25,0.24,0.38,0.41,0.22,-1
0.529,0.412,0.059,0.353,0.412,0.294,-1
0.667,0.333,0,0.556,0.111,0,-1
0.519,0.286,0.195,0.442,0.247,0.208,1
0.516,0.281,0.203,0.391,0.375,0.203,1
0.686,0.196,0.118,0.49,0.353,0.078,-1
0.25,0.393,0.357,0.429,0.321,0.196,1
0.472,0.258,0.27,0.393,0.348,0.236,1
0.521,0.282,0.197,0.408,0.31,0.211,1
0.386,0.263,0.351,0.368,0.333,0.193,-1
0.424,0.394,0.182,0.439,0.318,0.227,-1
0.383,0.467,0.15,0.55,0.2,0.25,-1
0.409,0.409,0.182,0.682,0.045,0.273,1
0.625,0.203,0.172,0.359,0.359,0.25,1
0.407,0.302,0.291,0.372,0.314,0.279,1
0.359,0.37,0.272,0.478,0.283,0.261,-1
0.566,0.226,0.208,0.358,0.377,0.226,1
0.273,0.418,0.309,0.4,0.291,0.327,1
0.378,0.27,0.351,0.378,0.243,0.297,1
0.3,0.38,0.32,0.44,0.22,0.32,1
0.288,0.26,0.452,0.384,0.397,0.288,1
0.583,0.083,0.333,0.625,0.083,0.292,1
0.293,0.39,0.317,0.537,0.268,0.171,-1
0.568,0.27,0.162,0.432,0.378,0.108,-1
0.688,0.167,0.146,0.312,0.271,0.271,1
0.586,0.152,0.263,0.323,0.293,0.283,1
0.414,0.431,0.155,0.586,0.259,0.138,-1
0.34,0.383,0.277,0.447,0.277,0.234,1
0.429,0.286,0.286,0.304,0.321,0.321,1
0.366,0.344,0.29,0.484,0.269,0.14,-1
0.629,0.202,0.169,0.393,0.236,0.236,1
0.417,0.367,0.217,0.467,0.35,0.1,1
0.273,0.364,0.364,0.418,0.364,0.291,1
0.431,0.373,0.196,0.549,0.255,0.176,1
0.449,0.348,0.203,0.391,0.304,0.203,-1
0.5,0.333,0.167,0.583,0.167,0.333,-1
0.543,0.239,0.217,0.337,0.348,0.239,1
0.55,0.23,0.22,0.39,0.28,0.23,1
0.34,0.34,0.32,0.48,0.28,0.22,-1
0.561,0.244,0.195,0.463,0.366,0.146,-1
0.373,0.333,0.294,0.49,0.314,0.196,1
0.419,0.355,0.226,0.441,0.28,0.237,1
0.463,0.315,0.222,0.389,0.37,0.204,-1
0.348,0.242,0.409,0.348,0.364,0.288,1
0.442,0.326,0.233,0.36,0.349,0.267,-1
0.345,0.5,0.155,0.5,0.259,0.259,-1
0.233,0.433,0.333,0.483,0.233,0.267,1
0.714,0.143,0.143,0.429,0.476,0.095,-1
0.28,0.293,0.427,0.427,0.28,0.307,1
0.372,0.372,0.256,0.523,0.302,0.151,-1
0.309,0.345,0.345,0.418,0.345,0.291,1
0.333,0.353,0.314,0.471,0.333,0.216,1
0.278,0.5,0.222,0.5,0.167,0.333,1
0.667,0.278,0.056,0.5,0.444,0.111,1
0.544,0.191,0.265,0.412,0.338,0.176,1
0.391,0.326,0.283,0.478,0.174,0.174,1
1,0,0,0.423,0.462,0.115,1
0.405,0.351,0.243,0.554,0.203,0.203,1
0.609,0.261,0.13,0.609,0.261,0.174,-1
0.667,0.278,0.056,0.5,0.444,0.111,1
0.35,0.35,0.3,0.412,0.35,0.262,-1
0.424,0.337,0.239,0.348,0.37,0.261,-1
0.443,0.227,0.33,0.398,0.33,0.193,1
0.269,0.346,0.385,0.423,0.365,0.25,1
0.264,0.396,0.34,0.377,0.34,0.34,1
0.393,0.286,0.321,0.518,0.339,0.161,1
0.385,0.352,0.264,0.451,0.275,0.242,-1
0.327,0.265,0.408,0.388,0.367,0.204,-1
0.583,0.183,0.233,0.367,0.35,0.25,-1
0.182,0.545,0.273,0.545,0.273,0.182,1
0.403,0.361,0.236,0.486,0.222,0.292,-1
0.833,0.167,0,0.167,0.333,0.333,1
0.667,0.244,0.089,0.4,0.467,0.067,-1
0.614,0.214,0.171,0.443,0.214,0.143,-1
0.667,0.278,0.056,0.5,0.444,0.111,1
0.558,0.267,0.174,0.43,0.349,0.174,-1
0.541,0.27,0.189,0.351,0.27,0.189,1
0.5,0.25,0.25,0.625,0.25,0.125,-1
0.385,0.385,0.231,0.462,0.385,0.231,-1
0.579,0.263,0.158,0.632,0.316,0.053,-1
0.574,0.223,0.202,0.5,0.234,0.149,-1
0.5,0.304,0.196,0.37,0.435,0.196,-1
0.4,0.288,0.312,0.538,0.125,0.3,-1
0.333,0.412,0.255,0.333,0.353,0.294,-1
0.533,0.24,0.227,0.52,0.307,0.147,-1
0.25,0.409,0.341,0.523,0.25,0.182,1
0.238,0.429,0.333,0.381,0.333,0.333,1
0.32,0.28,0.4,0.44,0.4,0.16,1
0.468,0.26,0.273,0.364,0.377,0.26,-1
0.293,0.483,0.224,0.534,0.155,0.293,-1
0.352,0.227,0.42,0.545,0.239,0.261,-1
0.312,0.422,0.266,0.5,0.266,0.25,-1
0.394,0.31,0.296,0.366,0.38,0.282,1
0.338,0.338,0.324,0.485,0.338,0.221,1
0.434,0.301,0.265,0.434,0.337,0.265,1
0.508,0.254,0.237,0.356,0.356,0.356,1
0.295,0.386,0.318,0.523,0.25,0.182,1
0.33,0.33,0.34,0.474,0.289,0.206,-1
0.47,0.333,0.197,0.424,0.303,0.197,-1
0.42,0.407,0.173,0.58,0.222,0.198,-1
0.353,0.441,0.206,0.324,0.324,0.324,-1
0.456,0.278,0.267,0.289,0.267,0.389,1
0.425,0.35,0.225,0.55,0.262,0.212,-1
0.489,0.273,0.239,0.409,0.307,0.216,1
0.448,0.414,0.138,0.534,0.241,0.224,-1
0.418,0.352,0.231,0.374,0.308,0.275,-1
0.539,0.237,0.224,0.421,0.395,0.145,-1
0.327,0.473,0.2,0.491,0.255,0.309,-1
0.246,0.123,0.632,0.368,0.439,0.351,-1
0.255,0.345,0.4,0.509,0.218,0.291,1
0.5,0.324,0.176,0.405,0.311,0.203,-1
0.6,0.243,0.157,0.357,0.329,0.157,1
0.349,0.372,0.279,0.628,0.14,0.186,-1
0.288,0.475,0.237,0.492,0.22,0.271,-1
0.238,0.571,0.19,0.571,0.143,0.095,-1
0.324,0.239,0.437,0.338,0.423,0.254,-1
0.613,0.129,0.258,0.161,0.419,0.226,1
0.556,0.253,0.192,0.374,0.303,0.232,-1
0.375,0.292,0.333,0.354,0.333,0.271,1
0.228,0.543,0.228,0.62,0.109,0.239,1
0.485,0.318,0.197,0.424,0.318,0.242,-1
0.139,0.111,0.75,0.833,0.111,0.028,1
0.408,0.355,0.237,0.487,0.158,0.303,1
0.2,0.6,0.2,0.533,0.267,0.333,1
0.296,0.31,0.394,0.408,0.31,0.324,1
0.357,0.238,0.405,0.81,0.119,0.119,-1
0.333,0.556,0.111,0.778,0,0,-1
0.356,0.222,0.422,0.778,0.156,0.111,-1
0.464,0.25,0.286,0.429,0.25,0.196,1
0.211,0.421,0.368,0.684,0.211,0.105,1
0.396,0.321,0.283,0.453,0.34,0.189,-1
0.277,0.241,0.482,0.398,0.337,0.337,-1
0.367,0.383,0.25,0.633,0.183,0.233,-1
0.314,0.471,0.216,0.471,0.294,0.294,-1
0.536,0.268,0.196,0.446,0.268,0.179,1
0.2,0.467,0.333,0.567,0.233,0.267,-1
0.349,0.365,0.286,0.397,0.317,0.349,1
0.529,0.25,0.221,0.515,0.294,0.103,-1
0.222,0.407,0.37,0.537,0.259,0.241,1
0.35,0.45,0.2,0.5,0,0.25,1
0.347,0.286,0.367,0.51,0.153,0.296,-1
0.389,0.333,0.278,0.5,0.222,0.278,-1
0.441,0.301,0.258,0.452,0.344,0.215,-1
0.351,0.351,0.298,0.491,0.281,0.263,1
0.421,0.295,0.284,0.389,0.379,0.232,1
0.636,0.182,0.182,0.25,0.295,0.227,1
0.424,0.409,0.167,0.409,0.318,0.303,-1
0.644,0.133,0.222,0.356,0.178,0.222,1
0.451,0.275,0.275,0.484,0.253,0.231,-1
0.577,0.231,0.192,0.385,0.365,0.192,1
0.494,0.273,0.234,0.403,0.26,0.221,1
0.36,0.34,0.3,0.4,0.36,0.24,-1
0.529,0.235,0.235,0.412,0.294,0.294,1
0.323,0.308,0.369,0.431,0.385,0.246,1
0.446,0.292,0.262,0.338,0.415,0.2,1
0.238,0.476,0.286,0.524,0.095,0.19,-1
0.4,0.4,0.2,0.547,0.2,0.253,-1
0.35,0.483,0.167,0.583,0.25,0.183,-1
0.419,0.302,0.279,0.372,0.395,0.233,-1
0.477,0.273,0.25,0.341,0.284,0.352,1
0.341,0.318,0.341,0.455,0.273,0.227,1
0.449,0.275,0.275,0.348,0.435,0.217,1
0.375,0.339,0.286,0.518,0.214,0.321,-1
0.25,0.409,0.341,0.523,0.25,0.182,1
0.417,0.357,0.226,0.512,0.298,0.19,-1
0.642,0.16,0.198,0.383,0.358,0.185,-1
0.362,0.362,0.277,0.426,0.191,0.255,1
0.419,0.338,0.243,0.338,0.338,0.351,-1
0.515,0.324,0.162,0.353,0.368,0.235,-1
0.698,0.19,0.111,0.397,0.381,0.159,1
0.276,0.293,0.431,0.431,0.328,0.224,1
0.368,0.421,0.211,0.5,0.276,0.237,-1
0.315,0.411,0.274,0.507,0.288,0.205,-1
0.591,0.136,0.273,0.295,0.25,0.227,1
0.352,0.286,0.363,0.593,0.22,0.242,-1
0.307,0.293,0.4,0.413,0.347,0.253,1
0.264,0.415,0.321,0.453,0.189,0.283,1
0.453,0.305,0.242,0.453,0.242,0.221,-1
0.176,0.588,0.235,0.471,0.176,0.353,1
0.583,0.333,0.083,0.583,0.167,0.167,-1
0.233,0.279,0.488,0.302,0.465,0.488,-1
0.327,0.382,0.291,0.455,0.345,0.255,1
0.318,0.386,0.295,0.545,0.25,0.205,-1
0.394,0.273,0.333,0.667,0.273,0.061,-1
0.365,0.444,0.19,0.571,0.222,0.19,-1
0.383,0.367,0.25,0.483,0.25,0.25,-1
0.339,0.393,0.268,0.375,0.304,0.357,1
0.463,0.104,0.433,0.388,0.299,0.299,1
0.265,0.347,0.388,0.469,0.265,0.245,-1
0.383,0.383,0.234,0.426,0.191,0.277,1
0.371,0.419,0.21,0.468,0.306,0.226,-1
0.273,0.364,0.364,0.523,0.25,0.159,1
0.226,0.396,0.377,0.377,0.34,0.358,1
0.547,0.209,0.244,0.395,0.36,0.186,1
0.333,0.289,0.378,0.444,0.244,0.289,1
0.92,0.04,0.04,0.12,0.36,0.16,1
0.521,0.223,0.255,0.426,0.181,0.245,1
0.333,0.556,0.111,0.556,0.222,0.333,1
0.547,0.187,0.267,0.347,0.293,0.227,1
0.375,0.375,0.25,0.5,0.188,0.312,1
0.273,0.364,0.364,0.523,0.25,0.182,1
0.396,0.358,0.245,0.453,0.358,0.189,-1
0.326,0.413,0.261,0.435,0.283,0.261,1
0.286,0.452,0.262,0.5,0.19,0.19,-1
0.459,0.189,0.351,0.568,0.351,0.081,-1
0.396,0.34,0.264,0.453,0.302,0.208,-1
0.2,0.467,0.333,0.567,0.233,0.267,-1
0.42,0.321,0.259,0.469,0.321,0.21,-1
0.37,0.346,0.284,0.309,0.407,0.309,1
0.404,0.316,0.281,0.456,0.386,0.193,1
0.328,0.375,0.297,0.328,0.391,0.406,-1
0.364,0.164,0.473,0.327,0.291,0.291,-1
0.329,0.386,0.286,0.429,0.386,0.214,1
0.429,0.299,0.273,0.481,0.377,0.182,-1
0.103,0.483,0.414,0.586,0.207,0.276,-1
0.441,0.424,0.136,0.525,0.203,0.288,-1
0.351,0.421,0.228,0.579,0.123,0.316,-1
0.22,0.415,0.366,0.39,0.293,0.293,-1
0.308,0.385,0.308,0.462,0.327,0.231,-1
0.635,0.238,0.127,0.524,0.302,0.111,-1
0.348,0.478,0.174,0.543,0.348,0.13,1
0.692,0.231,0.077,0.462,0.231,0.077,-1
0.689,0.156,0.156,0.378,0.311,0.156,-1
0.5,0.278,0.222,0.426,0.37,0.167,1
0.384,0.288,0.329,0.384,0.397,0.233,1
0.373,0.353,0.275,0.451,0.314,0.235,1
0.554,0.286,0.161,0.321,0.393,0.25,1
0.528,0.283,0.189,0.377,0.377,0.17,1
0.489,0.245,0.266,0.34,0.468,0.202,-1
0.469,0.25,0.281,0.344,0.438,0.203,-1
0.598,0.195,0.207,0.537,0.366,0.146,-1
0.672,0.172,0.156,0.359,0.391,0.172,1
0.541,0.262,0.197,0.475,0.246,0.197,1
0.414,0.328,0.259,0.328,0.362,0.276,1
0.377,0.321,0.302,0.434,0.302,0.226,-1
0.565,0.13,0.304,0.304,0.435,0.217,1
0.653,0.213,0.133,0.507,0.16,0.173,-1
0.725,0.15,0.125,0.35,0.4,0.1,1
0.3,0.3,0.4,0.45,0.4,0.2,-1
0.2,0.6,0.2,0.533,0.2,0.333,1
0.643,0.143,0.214,0.643,0.357,0.143,-1
0.514,0.297,0.189,0.351,0.405,0.189,1
0.446,0.348,0.207,0.446,0.25,0.217,1
0.553,0.263,0.184,0.368,0.289,0.184,1
0.489,0.293,0.217,0.402,0.272,0.207,1
0.434,0.321,0.245,0.434,0.34,0.189,-1
0.5,0.417,0.083,0.583,0.167,0.083,-1
0.38,0.239,0.38,0.324,0.493,0.183,-1
0.58,0.246,0.174,0.406,0.333,0.203,-1
0.348,0.413,0.239,0.435,0.283,0.261,1
0.414,0.31,0.276,0.356,0.333,0.287,1
0.438,0.271,0.292,0.365,0.354,0.25,1
0.5,0.3,0.2,0.45,0.25,0.25,1
0.328,0.397,0.276,0.431,0.259,0.293,1
0.402,0.345,0.253,0.402,0.31,0.23,-1
0.541,0.297,0.162,0.378,0.243,0.162,1
0.495,0.253,0.253,0.396,0.33,0.264,1
0.2,0.4,0.4,0.533,0.167,0.3,1
0.388,0.375,0.238,0.375,0.312,0.25,-1
0.429,0.393,0.179,0.375,0.446,0.232,-1
0.616,0.205,0.178,0.397,0.397,0.164,-1
0.68,0.2,0.12,0.52,0.24,0.28,-1
0.414,0.414,0.172,0.655,0.069,0.276,1
0.579,0.053,0.368,0.632,0.368,0,-1
0.354,0.378,0.268,0.512,0.22,0.28,-1
0.226,0.396,0.377,0.491,0.264,0.283,1
0.405,0.357,0.238,0.512,0.298,0.19,-1
0.375,0.398,0.227,0.489,0.273,0.273,-1
0.494,0.2,0.306,0.494,0.318,0.129,-1
0.5,0.292,0.208,0.375,0.417,0.125,-1
0.833,0.111,0.056,0.556,0.278,0,-1
0.49,0.22,0.29,0.36,0.28,0.27,1
0.304,0.348,0.348,0.457,0.283,0.261,1
0.377,0.34,0.283,0.453,0.321,0.189,-1
0.509,0.302,0.189,0.377,0.377,0.151,1
0.396,0.34,0.264,0.491,0.283,0.17,-1
0.406,0.312,0.281,0.625,0.25,0.156,1
0.294,0.324,0.382,0.559,0.294,0.206,-1
0.515,0.242,0.242,0.404,0.283,0.222,1
0.306,0.484,0.21,0.532,0.242,0.226,-1
0.353,0.333,0.314,0.373,0.471,0.216,-1
0.549,0.239,0.211,0.437,0.169,0.225,-1
0.416,0.312,0.273,0.403,0.455,0.143,1
0.406,0.375,0.219,0.516,0.281,0.219,-1
0.677,0.242,0.081,0.468,0.452,0.048,-1
0.407,0.233,0.36,0.384,0.36,0.209,1
0.5,0.286,0.214,0.429,0.214,0.214,1
0.38,0.34,0.28,0.46,0.3,0.2,-1
0.384,0.274,0.342,0.37,0.411,0.274,1
0.4,0.35,0.25,0.65,0.3,0,1
0.322,0.407,0.271,0.356,0.271,0.322,1
0.517,0.207,0.276,0.345,0.414,0.138,1
0.583,0.417,0,0.417,0,0.083,-1
0.398,0.307,0.295,0.477,0.239,0.273,-1
0.25,0.5,0.25,0.5,0.188,0.375,1
0.449,0.214,0.337,0.398,0.367,0.194,-1
0.465,0.326,0.209,0.372,0.442,0.186,-1
0.6,0.267,0.133,0.467,0.2,0.133,-1
0.3,0.517,0.183,0.617,0.183,0.2,-1
0.481,0.222,0.296,0.407,0.407,0.148,-1
0.75,0.25,0,0.5,0.5,0,-1
0.413,0.348,0.239,0.37,0.304,0.37,-1
0.714,0.143,0.143,0.429,0.429,0,-1
0.374,0.275,0.352,0.527,0.231,0.297,1
0.286,0.339,0.375,0.464,0.393,0.143,1
0.683,0.293,0.024,0.512,0.439,0.024,-1
0.456,0.215,0.329,0.228,0.506,0.304,-1
0.365,0.365,0.27,0.508,0.286,0.254,-1
0.414,0.293,0.293,0.31,0.362,0.293,1
0.388,0.284,0.328,0.403,0.328,0.299,1
0.308,0.308,0.385,0.462,0.346,0.154,1
0.647,0.162,0.191,0.324,0.471,0.206,-1
0.406,0.312,0.281,0.531,0.312,0.156,1
0.714,0.143,0.143,0.381,0.476,0.095,-1
0.462,0.352,0.187,0.429,0.242,0.264,1
0.282,0.436,0.282,0.487,0.333,0.231,-1
0.456,0.265,0.279,0.412,0.279,0.191,1
0.302,0.381,0.317,0.429,0.317,0.254,-1
0.527,0.258,0.215,0.366,0.387,0.215,1
0.316,0.461,0.224,0.461,0.289,0.263,-1
0.362,0.319,0.319,0.532,0.319,0.085,1
0.429,0.364,0.208,0.532,0.39,0.143,-1
0.457,0.2,0.343,0.4,0.4,0.171,-1
0.361,0.371,0.268,0.433,0.351,0.186,-1
0.489,0.298,0.213,0.383,0.426,0.106,-1
0.426,0.362,0.213,0.383,0.255,0.234,-1
0.264,0.434,0.302,0.434,0.264,0.264,1
0.38,0.34,0.28,0.46,0.28,0.2,-1
0.329,0.384,0.288,0.452,0.315,0.274,1
0.375,0.297,0.328,0.516,0.266,0.172,1
0.5,0.2,0.3,0.3,0.6,0.2,-1
0.4,0.323,0.277,0.585,0.215,0.215,1
0.38,0.32,0.3,0.44,0.34,0.18,-1
0.494,0.26,0.247,0.39,0.312,0.195,1
0.647,0.078,0.275,0.275,0.529,0.118,-1
0.321,0.321,0.358,0.453,0.283,0.245,1
0.35,0.25,0.4,0.25,0.35,0.4,1
0.308,0.538,0.154,0.615,0.231,0.154,-1
0.575,0.2,0.225,0.525,0.275,0.125,1
0.455,0.227,0.318,0.364,0.394,0.227,1
0.513,0.237,0.25,0.474,0.329,0.171,-1
0.549,0.235,0.216,0.451,0.294,0.157,1
0.5,0.5,0,0.5,0,0,1
0.556,0.278,0.167,0.5,0.278,0.056,-1
0.417,0.333,0.25,0.333,0.333,0.417,1
0.197,0.212,0.591,0.515,0.227,0.227,-1
0.532,0.21,0.258,0.387,0.29,0.242,1
0.431,0.276,0.293,0.362,0.345,0.276,1
0.347,0.413,0.24,0.467,0.253,0.24,-1
0.36,0.34,0.3,0.46,0.28,0.22,-1
0.316,0.404,0.281,0.456,0.228,0.263,1
0.362,0.351,0.287,0.543,0.245,0.213,-1
0.514,0.324,0.162,0.365,0.257,0.243,1
0.5,0.312,0.188,0.406,0.354,0.188,-1
0.476,0.286,0.238,0.524,0.357,0.119,-1
0.36,0.34,0.3,0.42,0.29,0.26,1
0.339,0.435,0.226,0.5,0.258,0.194,-1
0.541,0.27,0.189,0.378,0.351,0.162,1
0.529,0.324,0.147,0.412,0.441,0.118,-1
0.353,0.588,0.059,0.529,0.059,0.118,-1
0.344,0.426,0.23,0.361,0.328,0.344,-1
0.621,0.155,0.224,0.31,0.379,0.293,1
0.36,0.39,0.25,0.34,0.34,0.29,1
0.452,0.333,0.214,0.357,0.452,0.19,-1
0.295,0.364,0.341,0.523,0.25,0.159,1
0.508,0.153,0.339,0.39,0.356,0.237,-1
0.452,0.419,0.129,0.484,0.274,0.21,-1
0.366,0.338,0.296,0.38,0.254,0.282,1
0.417,0.381,0.202,0.5,0.262,0.226,-1
0.692,0.154,0.154,0.154,0.231,0.462,1
0.333,0.333,0.333,0.417,0.167,0.417,1
0.297,0.286,0.418,0.429,0.341,0.253,-1
0.385,0.308,0.308,0.462,0.231,0.308,1
0.375,0.284,0.341,0.386,0.443,0.227,-1
0.5,0.27,0.23,0.38,0.21,0.27,1
0.373,0.349,0.277,0.386,0.325,0.253,1
0.256,0.442,0.302,0.302,0.279,0.465,-1
0.667,0.333,0,0.667,0.333,0,-1
0.283,0.435,0.283,0.37,0.326,0.326,-1
0.641,0.156,0.203,0.328,0.281,0.312,1
0.247,0.384,0.37,0.507,0.26,0.233,1
0.632,0.105,0.263,0.333,0.386,0.228,1
0.5,0.167,0.333,0.333,0.333,0.333,1
0.421,0.358,0.221,0.368,0.389,0.2,1
0.471,0.31,0.218,0.425,0.368,0.172,-1
0.455,0.345,0.2,0.418,0.309,0.236,-1
0.5,0.243,0.257,0.446,0.351,0.216,-1
0.337,0.419,0.244,0.488,0.279,0.233,-1
0.596,0.269,0.135,0.404,0.308,0.192,1
0.28,0.38,0.34,0.4,0.26,0.36,-1
0.5,0.281,0.219,0.302,0.458,0.198,-1
0.556,0.389,0.056,0.5,0.222,0.167,-1
0.481,0.321,0.198,0.494,0.358,0.16,-1
0.415,0.358,0.226,0.453,0.321,0.189,-1
0.294,0.588,0.118,0.588,0.118,0.176,1
0.526,0.263,0.211,0.421,0.263,0.263,1
0.25,0.75,0,0.75,0.083,0,-1
0.812,0.125,0.062,0.625,0.375,0,-1
0.5,0.286,0.214,0.429,0.214,0.214,1
0.5,0.5,0,0.5,0.5,0,1
0.373,0.333,0.294,0.451,0.314,0.216,1
0.511,0.245,0.245,0.372,0.394,0.202,-1
0.611,0.167,0.222,0.5,0.361,0.222,-1
0.506,0.299,0.195,0.273,0.39,0.299,-1
0.3,0.5,0.2,0.5,0.3,0.3,1
0.365,0.327,0.308,0.404,0.423,0.25,-1
0.485,0.253,0.263,0.515,0.222,0.232,-1
0.38,0.34,0.28,0.46,0.3,0.18,-1
0.286,0.524,0.19,0.619,0.095,0.095,-1
0.326,0.391,0.283,0.457,0.261,0.196,1
0.326,0.304,0.37,0.489,0.283,0.293,-1
0.25,0.625,0.125,0.625,0,0.125,-1
0.333,0.333,0.333,0.389,0.389,0.167,-1
0.217,0.533,0.25,0.517,0.267,0.25,-1
0.398,0.352,0.25,0.364,0.352,0.25,1
0.547,0.302,0.151,0.349,0.337,0.256,1
0.429,0.286,0.286,0.429,0.214,0.357,1
0.25,0.409,0.341,0.523,0.25,0.182,1
0.398,0.286,0.316,0.388,0.418,0.153,-1
0.512,0.274,0.214,0.405,0.357,0.286,1
0.484,0.391,0.125,0.438,0.25,0.203,-1
0.44,0.286,0.275,0.385,0.33,0.264,1
0.469,0.26,0.271,0.458,0.24,0.271,-1
0.444,0.444,0.111,0.444,0.222,0.222,-1
0.494,0.264,0.241,0.345,0.345,0.241,-1
0.397,0.379,0.224,0.483,0.207,0.224,1
0.385,0.308,0.308,0.385,0.231,0.385,1
0.636,0.258,0.106,0.5,0.424,0.045,-1
0.455,0.455,0.091,0.455,0.364,0,-1
0.5,0.5,0,0.5,0.5,0,1
0.322,0.475,0.203,0.492,0.271,0.254,-1
0.381,0.429,0.19,0.571,0.143,0.095,-1
0.308,0.385,0.308,0.538,0.462,0,-1
0.385,0.385,0.231,0.692,0.308,0,-1
0.467,0.333,0.2,0.444,0.267,0.156,-1
0.278,0.443,0.278,0.405,0.354,0.278,1
0.364,0.164,0.473,0.273,0.2,0.491,-1
0.394,0.242,0.364,0.545,0.212,0.303,-1
0.434,0.253,0.313,0.446,0.265,0.217,1
0.304,0.377,0.319,0.377,0.362,0.319,1
0.556,0.194,0.25,0.333,0.444,0.222,-1
0.527,0.258,0.215,0.366,0.387,0.215,1
0.778,0.222,0,0.444,0.333,0.222,-1
0.447,0.289,0.263,0.553,0.289,0.158,1
0.532,0.29,0.177,0.403,0.323,0.21,1
0.429,0.388,0.184,0.531,0.204,0.286,-1
0.286,0.518,0.196,0.589,0.214,0.268,-1
0.489,0.284,0.227,0.409,0.318,0.182,1
0.623,0.217,0.159,0.406,0.42,0.159,-1
0.4,0.28,0.32,0.44,0.28,0.24,1
0.433,0.328,0.239,0.493,0.299,0.209,-1
0.373,0.333,0.294,0.451,0.294,0.235,-1
0.632,0.105,0.263,0.263,0.474,0.158,-1
0.452,0.286,0.262,0.31,0.452,0.226,-1
0.312,0.312,0.375,0.479,0.312,0.208,1
0.652,0.242,0.106,0.394,0.364,0.121,1
0.375,0.318,0.307,0.42,0.364,0.216,1
0.538,0.231,0.231,0.385,0.231,0.231,1
0.56,0.18,0.26,0.34,0.44,0.2,-1
0.457,0.286,0.257,0.4,0.357,0.129,-1
0.436,0.345,0.218,0.455,0.236,0.291,-1
0.455,0.273,0.273,0.418,0.255,0.218,1
0.686,0.196,0.118,0.49,0.353,0.078,-1
0.611,0.2,0.189,0.389,0.333,0.144,1
0.424,0.305,0.271,0.508,0.186,0.305,1
0.457,0.298,0.245,0.372,0.383,0.223,-1
0.277,0.426,0.298,0.447,0.255,0.277,1
0.429,0.286,0.286,0.429,0.286,0.286,1
0.489,0.319,0.191,0.383,0.415,0.202,1
0.289,0.474,0.237,0.711,0.053,0.263,-1
0.455,0.364,0.182,0.42,0.364,0.182,-1
0.481,0.222,0.296,0.519,0.222,0.259,1
0.414,0.414,0.172,0.655,0.069,0.276,1
0.273,0.455,0.273,0.545,0.273,0.091,1
0.5,0.303,0.197,0.382,0.355,0.237,1
0.7,0.267,0.033,0.533,0.3,0.1,-1
0.34,0.38,0.28,0.44,0.36,0.2,1
0.595,0.214,0.19,0.357,0.357,0.167,1
0.308,0.385,0.308,0.462,0.308,0.308,-1
0.388,0.347,0.265,0.327,0.327,0.286,1
0.552,0.253,0.195,0.345,0.345,0.195,1
0.5,0.25,0.25,0.323,0.406,0.198,1
0.857,0.143,0,0.571,0.214,0.071,-1
0.672,0.134,0.194,0.328,0.343,0.254,1
0.452,0.323,0.226,0.5,0.355,0.177,1
0.317,0.402,0.28,0.402,0.28,0.329,1
0.373,0.353,0.275,0.451,0.333,0.235,-1
0.333,0.25,0.417,0.417,0.417,0.208,-1
0.574,0.234,0.191,0.447,0.309,0.16,-1
0.389,0.389,0.222,0.5,0.222,0.278,1
0.556,0.206,0.238,0.429,0.365,0.159,-1
0.365,0.338,0.297,0.473,0.27,0.284,1
0.452,0.242,0.306,0.29,0.339,0.323,1
0.413,0.337,0.25,0.37,0.283,0.337,1
0.725,0.15,0.125,0.3,0.4,0.1,1
0.5,0.231,0.269,0.269,0.308,0.192,1
0.422,0.328,0.25,0.531,0.25,0.203,1
0.462,0.323,0.215,0.323,0.323,0.246,1
0.329,0.371,0.3,0.386,0.314,0.271,1
0.627,0.118,0.255,0.275,0.529,0.137,-1
0.436,0.309,0.255,0.4,0.255,0.218,1
0.607,0.196,0.196,0.339,0.268,0.25,1
0.365,0.333,0.302,0.444,0.222,0.286,-1
0.415,0.292,0.292,0.462,0.369,0.169,-1
0.373,0.333,0.294,0.431,0.314,0.235,-1
0.489,0.178,0.333,0.289,0.4,0.244,1
0.417,0.583,0,0.667,0.083,0,-1
0.176,0.353,0.471,0.412,0.353,0.353,-1
0.422,0.253,0.325,0.361,0.446,0.205,-1
0.431,0.389,0.181,0.5,0.25,0.194,-1
0.582,0.236,0.182,0.418,0.327,0.236,1
0.408,0.368,0.224,0.5,0.158,0.289,1
0.375,0.188,0.438,0.5,0.312,0.25,1
0.459,0.297,0.243,0.378,0.27,0.216,1
0.447,0.235,0.318,0.529,0.212,0.176,1
0.52,0.28,0.2,0.6,0.16,0.24,-1
0.31,0.239,0.451,0.338,0.408,0.282,-1
0.414,0.466,0.121,0.586,0.241,0.155,-1
0.451,0.294,0.255,0.549,0.294,0.176,1
0.465,0.31,0.225,0.423,0.282,0.141,1
0.378,0.405,0.216,0.5,0.27,0.23,-1
0.486,0.324,0.189,0.378,0.351,0.189,1
0.333,0.353,0.314,0.471,0.314,0.235,-1
0.624,0.141,0.235,0.388,0.4,0.176,-1
0.673,0.224,0.102,0.531,0.286,0.082,-1
0.413,0.444,0.143,0.476,0.222,0.254,-1
0.353,0.353,0.294,0.471,0.314,0.216,1
0.512,0.256,0.233,0.233,0.512,0.233,-1
0.541,0.297,0.162,0.405,0.243,0.135,1
0.583,0.417,0,0.417,0.083,0,-1
0.609,0.203,0.188,0.312,0.359,0.297,1
0.44,0.24,0.32,0.44,0.36,0.28,1
0.611,0.222,0.167,0.481,0.259,0.185,-1
0.344,0.391,0.266,0.406,0.391,0.219,1
0.55,0.25,0.2,0.35,0.412,0.2,1
0.588,0.206,0.206,0.441,0.265,0.029,-1
0.288,0.325,0.388,0.412,0.325,0.25,-1
0.565,0.275,0.159,0.435,0.319,0.188,-1
0.425,0.31,0.264,0.368,0.333,0.264,1
0.273,0.386,0.341,0.523,0.25,0.182,1
0.327,0.308,0.365,0.404,0.308,0.25,-1
0.667,0.333,0,0.583,0,0.083,-1
0.365,0.404,0.231,0.5,0.308,0.192,1
0.323,0.28,0.398,0.527,0.183,0.269,-1
0.345,0.46,0.195,0.655,0.069,0.23,1
0.571,0.238,0.19,0.262,0.429,0.19,-1
0.597,0.194,0.209,0.358,0.343,0.239,1
0.611,0.222,0.167,0.333,0.278,0.278,-1
0.478,0.244,0.278,0.422,0.267,0.256,-1
0.421,0.358,0.221,0.358,0.411,0.2,1
0.26,0.42,0.32,0.46,0.3,0.24,1
0.441,0.382,0.176,0.618,0.118,0.265,-1
0.263,0.295,0.442,0.379,0.4,0.274,1
0.663,0.163,0.174,0.407,0.36,0.163,1
0.362,0.404,0.234,0.404,0.319,0.277,1
0.36,0.36,0.28,0.4,0.4,0.18,1
0.323,0.312,0.366,0.495,0.28,0.29,-1
0.264,0.415,0.321,0.623,0.189,0.208,1
0.512,0.238,0.25,0.381,0.405,0.19,-1
0.25,0.464,0.286,0.5,0.286,0.232,-1
0.373,0.333,0.294,0.451,0.314,0.235,-1
0.51,0.28,0.21,0.43,0.36,0.16,1
0.583,0.417,0,0.417,0.083,0,-1
0.207,0.483,0.31,0.483,0.276,0.276,-1
0.444,0.556,0,0.556,0,0.222,-1
0.524,0.256,0.22,0.354,0.366,0.195,1
0.395,0.382,0.224,0.5,0.145,0.289,1
0.333,0.333,0.333,0.417,0.25,0.417,1
0.489,0.156,0.356,0.578,0.356,0.067,-1
0.393,0.286,0.321,0.536,0.286,0.179,1
0.295,0.386,0.318,0.523,0.25,0.182,1
0.394,0.273,0.333,0.485,0.303,0.212,-1
0.296,0.296,0.407,0.444,0.37,0.185,1
0.338,0.268,0.394,0.38,0.31,0.352,1
0.556,0.111,0.333,0.333,0.444,0.222,1
0.4,0.338,0.262,0.45,0.275,0.25,1
0.417,0.472,0.111,0.694,0.069,0.194,-1
0.615,0.25,0.135,0.308,0.404,0.231,-1
0.47,0.301,0.229,0.398,0.313,0.289,1
0.5,0.25,0.25,0.438,0.25,0.25,1
0.294,0.353,0.353,0.412,0.324,0.176,-1
0.447,0.289,0.263,0.553,0.211,0.211,1
0.306,0.355,0.339,0.5,0.323,0.145,1
0.25,0.386,0.364,0.523,0.25,0.182,1
0.468,0.309,0.223,0.489,0.223,0.266,-1
0.474,0.368,0.158,0.579,0.105,0.263,1
0.57,0.139,0.291,0.43,0.405,0.165,1
0.455,0.273,0.273,0.545,0.303,0.152,-1
0.4,0.345,0.255,0.473,0.309,0.182,1
0.36,0.326,0.314,0.384,0.279,0.326,1
0.25,0.386,0.364,0.523,0.25,0.182,1
0.44,0.29,0.27,0.38,0.37,0.28,1
0.674,0.163,0.163,0.395,0.337,0.198,1
0.321,0.286,0.393,0.429,0.339,0.232,1
0.309,0.382,0.309,0.327,0.327,0.273,1
0.429,0.31,0.262,0.381,0.286,0.357,-1
0.5,0.306,0.194,0.389,0.333,0.25,-1
0.309,0.382,0.309,0.345,0.345,0.273,1
0.659,0.182,0.159,0.386,0.227,0.205,1
0.61,0.22,0.169,0.322,0.305,0.305,1
0.342,0.461,0.197,0.487,0.263,0.25,-1
0.507,0.268,0.225,0.352,0.352,0.254,1
0.415,0.34,0.245,0.472,0.302,0.189,-1
0.38,0.32,0.3,0.48,0.28,0.22,1
0.433,0.2,0.367,0.367,0.467,0.2,-1
0.562,0.156,0.281,0.156,0.281,0.438,1
0.2,0.5,0.3,0.55,0.25,0.2,1
0.549,0.294,0.157,0.451,0.216,0.137,1
0.617,0.25,0.133,0.283,0.367,0.2,1
0.467,0.267,0.267,0.4,0.267,0.267,1
0.364,0.273,0.364,0.364,0.273,0.455,1
0.583,0.417,0,0.667,0.083,0,-1
0.38,0.28,0.34,0.41,0.22,0.35,-1
0.448,0.31,0.241,0.328,0.414,0.276,1
0.22,0.46,0.32,0.43,0.29,0.3,-1
0.311,0.393,0.295,0.492,0.23,0.295,-1
0.486,0.351,0.162,0.432,0.324,0.108,1
0.6,0.217,0.183,0.45,0.367,0.15,1
0.511,0.298,0.191,0.511,0.223,0.223,-1
0.35,0.35,0.3,0.375,0.25,0.325,1
0.5,0.5,0,0.75,0,0,-1
0.414,0.374,0.212,0.414,0.293,0.323,-1
0.833,0.167,0,0.333,0.5,0,1
0.333,0.556,0.111,0.333,0.333,0.222,-1
0.291,0.392,0.316,0.43,0.316,0.329,1
0.286,0.643,0.071,0.571,0.143,0.143,1
0.353,0.353,0.294,0.471,0.255,0.235,-1
0.461,0.348,0.191,0.427,0.326,0.18,-1
0.5,0.5,0,0.5,0,0,1
0.424,0.424,0.153,0.475,0.271,0.288,-1
0.353,0.333,0.314,0.471,0.333,0.216,1
0.291,0.382,0.327,0.364,0.236,0.309,1
0.57,0.18,0.25,0.4,0.32,0.18,1
0.514,0.297,0.189,0.351,0.459,0.189,1
0.288,0.348,0.364,0.5,0.348,0.152,-1
0.471,0.333,0.196,0.412,0.431,0.157,-1
0.283,0.37,0.348,0.5,0.37,0.217,1
0.558,0.327,0.115,0.558,0.269,0.135,-1
0.397,0.37,0.233,0.438,0.315,0.247,-1
0.319,0.362,0.319,0.34,0.383,0.255,1
0.364,0.242,0.394,0.576,0.182,0.303,-1
0.406,0.406,0.188,0.464,0.29,0.304,-1
0.46,0.302,0.238,0.587,0.206,0.206,1
0.391,0.337,0.272,0.38,0.272,0.326,1
0.383,0.467,0.15,0.433,0.167,0.283,-1
0.463,0.326,0.211,0.474,0.274,0.189,-1
0.353,0.353,0.294,0.49,0.255,0.216,1
0.306,0.468,0.226,0.5,0.258,0.226,-1
0.25,0.386,0.364,0.523,0.25,0.182,1
0.35,0.4,0.25,0.45,0.2,0.15,1
0.368,0.397,0.235,0.5,0.162,0.279,1
0.333,0.667,0,0.5,0.167,0.333,1
0.446,0.292,0.262,0.415,0.369,0.231,-1
0.615,0.169,0.215,0.308,0.338,0.277,1
0.352,0.42,0.227,0.466,0.136,0.307,1
0.413,0.333,0.253,0.387,0.253,0.293,1
0.384,0.326,0.291,0.535,0.314,0.14,-1
0.362,0.414,0.224,0.5,0.224,0.224,-1
0.385,0.308,0.308,0.462,0.154,0.385,1
0.467,0.267,0.267,0.4,0.267,0.333,1
0.431,0.347,0.222,0.444,0.389,0.194,-1
0.474,0.284,0.242,0.358,0.2,0.295,1
0.361,0.482,0.157,0.53,0.289,0.193,-1
0.359,0.328,0.312,0.516,0.25,0.188,-1
0.732,0.244,0.024,0.488,0.463,0.024,-1
0.283,0.217,0.5,0.717,0.067,0.267,-1
0.369,0.431,0.2,0.554,0.2,0.215,-1
0.265,0.378,0.357,0.408,0.286,0.276,-1
0.403,0.463,0.134,0.478,0.254,0.254,-1
0.507,0.267,0.227,0.533,0.307,0.133,-1
0.389,0.167,0.444,0.167,0.5,0.333,1
0.583,0.306,0.111,0.333,0.444,0.167,1
0.456,0.351,0.193,0.596,0.246,0.175,-1
0.592,0.276,0.132,0.408,0.461,0.118,-1
0.406,0.344,0.25,0.375,0.438,0.188,-1
0.367,0.333,0.3,0.467,0.3,0.256,-1
0.4,0.133,0.467,0.467,0.4,0.133,1
0.333,0.333,0.333,0.456,0.316,0.263,1
0.551,0.269,0.179,0.346,0.423,0.205,1
0.419,0.387,0.194,0.5,0.306,0.194,-1
0.641,0.188,0.172,0.359,0.344,0.203,1
0.737,0.158,0.105,0.421,0.421,0.105,-1
0.396,0.33,0.275,0.363,0.352,0.253,1
0.456,0.235,0.309,0.309,0.324,0.309,1
0.423,0.346,0.231,0.423,0.212,0.269,1
0.415,0.292,0.292,0.585,0.215,0.215,1
0.213,0.562,0.225,0.629,0.112,0.236,1
0.471,0.294,0.235,0.647,0.235,0.118,-1
0.351,0.405,0.243,0.378,0.405,0.216,-1
0.333,0.28,0.387,0.527,0.183,0.269,-1
0.5,0.167,0.333,0.167,0.667,0.333,-1
0.5,0.3,0.2,0.45,0.25,0.25,1
0.343,0.371,0.286,0.371,0.343,0.257,1
0.408,0.342,0.25,0.342,0.329,0.382,-1
0.386,0.343,0.271,0.371,0.329,0.3,1
0.4,0.4,0.2,0.45,0.25,0.3,1
0.443,0.386,0.171,0.486,0.329,0.1,-1
0.422,0.253,0.325,0.47,0.313,0.145,1
0.356,0.244,0.4,0.544,0.178,0.289,-1
0.84,0.16,0,0.76,0.24,0,-1
0.5,0.5,0,0.417,0,0.083,-1
0.373,0.353,0.275,0.451,0.314,0.235,-1
0.571,0.143,0.286,0.214,0.286,0.357,1
0.308,0.385,0.308,0.385,0.308,0.462,1
0.391,0.326,0.283,0.489,0.293,0.25,-1
0.404,0.34,0.255,0.447,0.234,0.255,1
0.277,0.508,0.215,0.415,0.246,0.4,-1
0.351,0.284,0.365,0.419,0.405,0.162,1
0.368,0.456,0.176,0.515,0.206,0.235,-1
0.267,0.267,0.467,0.4,0.467,0.2,1
0.395,0.355,0.25,0.487,0.158,0.303,1
0.405,0.393,0.202,0.512,0.274,0.202,-1
0.358,0.403,0.239,0.478,0.209,0.313,-1
0.435,0.387,0.177,0.532,0.226,0.226,-1
0.5,0.214,0.286,0.607,0.286,0.107,-1
0.333,0.361,0.306,0.556,0.208,0.25,-1
0.609,0.232,0.159,0.42,0.42,0.145,-1
0.533,0.133,0.333,0.289,0.422,0.2,1
0.412,0.373,0.216,0.529,0.235,0.137,-1
0.6,0.169,0.231,0.323,0.338,0.262,1
0.383,0.426,0.191,0.362,0.362,0.234,-1
0.286,0.476,0.238,0.571,0.095,0.095,-1
0.356,0.4,0.244,0.4,0.244,0.222,1
0.667,0.222,0.111,0.222,0.444,0,-1
0.392,0.333,0.275,0.431,0.314,0.235,-1
0.516	,0.359	,0.125	,0.531	,0.25	,0.156	,-1
